suite,file,idx,validator_label,user_label,timestamp
gemma3-12b-gpqa-test,gpqa_google_gemma-3-12b-it_20251221-084933.pt,10,0,agree,2026-05-24 16:14:08
gemma3-12b-gpqa-test,gpqa_google_gemma-3-12b-it_20251221-085243.pt,31,0,agree,2026-05-24 16:14:11
gemma3-12b-gpqa-test,gpqa_google_gemma-3-12b-it_20251221-084933.pt,11,0,agree,2026-05-24 16:20:04
gemma3-12b-gpqa-test,gpqa_google_gemma-3-12b-it_20251221-085108.pt,23,0,agree,2026-05-24 16:20:04
gemma3-12b-gpqa-test,gpqa_google_gemma-3-12b-it_20251221-085416.pt,1,0,agree,2026-05-24 16:20:04
gemma3-12b-gpqa-test,gpqa_google_gemma-3-12b-it_20251221-085553.pt,15,0,agree,2026-05-24 16:20:04
gemma3-12b-gpqa-test,gpqa_google_gemma-3-12b-it_20251221-090027.pt,17,1,agree,2026-05-24 16:20:04
gemma3-12b-gpqa-test,gpqa_google_gemma-3-12b-it_20251221-090754.pt,16,0,agree,2026-05-24 16:20:04
gemma3-12b-gpqa-test,gpqa_google_gemma-3-12b-it_20251221-090754.pt,12,1,disagree,2026-05-24 16:20:04
gemma3-12b-gsm-test,gsm8k_google_gemma-3-12b-it_20251220-172204.pt,24,1,agree,2026-05-24 16:20:04
gemma3-12b-gsm-test,gsm8k_google_gemma-3-12b-it_20251220-172424.pt,32,1,agree,2026-05-24 16:20:04
gemma3-12b-gsm-test,gsm8k_google_gemma-3-12b-it_20251220-172424.pt,47,1,agree,2026-05-24 16:20:04
gemma3-12b-gsm-test,gsm8k_google_gemma-3-12b-it_20251220-172424.pt,27,1,agree,2026-05-24 16:20:04
gemma3-12b-gsm-test,gsm8k_google_gemma-3-12b-it_20251220-172513.pt,28,1,agree,2026-05-24 16:20:04
gemma3-12b-gsm-test,gsm8k_google_gemma-3-12b-it_20251220-172809.pt,58,1,agree,2026-05-24 16:20:04
gemma3-12b-gsm-test,gsm8k_google_gemma-3-12b-it_20251220-173006.pt,15,1,agree,2026-05-24 16:20:04
gemma3-12b-gsm-test,gsm8k_google_gemma-3-12b-it_20251220-173233.pt,5,1,agree,2026-05-24 16:20:04
gemma3-12b-gsm-test,gsm8k_google_gemma-3-12b-it_20251220-173421.pt,5,1,agree,2026-05-24 16:20:04
gemma3-12b-gsm-test,gsm8k_google_gemma-3-12b-it_20251220-173514.pt,45,1,agree,2026-05-24 16:20:04
gemma3-12b-gsmsymbolic-test,gsm8ksymbolic_google_gemma-3-12b-it_20251221-061428.pt,30,1,agree,2026-05-24 16:20:04
gemma3-12b-gsmsymbolic-test,gsm8ksymbolic_google_gemma-3-12b-it_20251221-061600.pt,25,1,agree,2026-05-24 16:20:04
gemma3-12b-gsmsymbolic-test,gsm8ksymbolic_google_gemma-3-12b-it_20251221-061939.pt,6,1,agree,2026-05-24 16:20:04
gemma3-12b-gsmsymbolic-test,gsm8ksymbolic_google_gemma-3-12b-it_20251221-065513.pt,6,1,agree,2026-05-24 16:21:21
gemma3-12b-gsmsymbolic-test,gsm8ksymbolic_google_gemma-3-12b-it_20251221-065646.pt,14,1,agree,2026-05-24 16:21:21
gemma3-12b-gsmsymbolic-test,gsm8ksymbolic_google_gemma-3-12b-it_20251221-065936.pt,4,1,agree,2026-05-24 16:21:21
gemma3-12b-gsmsymbolic-test,gsm8ksymbolic_google_gemma-3-12b-it_20251221-070142.pt,23,1,agree,2026-05-24 16:21:21
gemma3-12b-gsmsymbolic-test,gsm8ksymbolic_google_gemma-3-12b-it_20251221-070243.pt,25,1,agree,2026-05-24 16:21:21
gemma3-12b-gsmsymbolic-test,gsm8ksymbolic_google_gemma-3-12b-it_20251221-070340.pt,28,1,agree,2026-05-24 16:21:21
gemma3-12b-gsmsymbolic-test,gsm8ksymbolic_google_gemma-3-12b-it_20251221-072948.pt,21,1,agree,2026-05-24 16:21:21
gemma3-12b-gsmsymbolic-test,gsm8ksymbolic_google_gemma-3-12b-it_20251221-073120.pt,24,1,agree,2026-05-24 16:21:21
gemma3-12b-gsmsymbolic-test,gsm8ksymbolic_google_gemma-3-12b-it_20251221-073243.pt,4,1,agree,2026-05-24 16:21:21
gemma3-12b-gsmsymbolic-test,gsm8ksymbolic_google_gemma-3-12b-it_20251221-073243.pt,20,1,agree,2026-05-24 16:21:21
gemma3-12b-gsmsymbolic-test,gsm8ksymbolic_google_gemma-3-12b-it_20251221-074206.pt,8,1,agree,2026-05-24 16:21:21
gemma3-12b-gsmsymbolic-test,gsm8ksymbolic_google_gemma-3-12b-it_20251221-074649.pt,7,0,agree,2026-05-24 16:21:21
gemma3-12b-gsmsymbolic-test,gsm8ksymbolic_google_gemma-3-12b-it_20251221-074845.pt,11,1,agree,2026-05-24 16:21:21
gemma3-12b-gsmsymbolic-test,gsm8ksymbolic_google_gemma-3-12b-it_20251221-075621.pt,20,1,agree,2026-05-24 16:21:21
gemma3-12b-gsmsymbolic-test,gsm8ksymbolic_google_gemma-3-12b-it_20251221-080108.pt,3,1,agree,2026-05-24 16:21:21
gemma3-12b-gsmsymbolic-test,gsm8ksymbolic_google_gemma-3-12b-it_20251221-081401.pt,26,1,agree,2026-05-24 16:21:21
gemma3-12b-gsmsymbolic-test,gsm8ksymbolic_google_gemma-3-12b-it_20251221-082143.pt,20,1,agree,2026-05-24 16:21:21
gemma3-12b-gsmsymbolic-test,gsm8ksymbolic_google_gemma-3-12b-it_20251221-082533.pt,10,1,agree,2026-05-24 16:21:21
gemma3-12b-gsmsymbolic-test,gsm8ksymbolic_google_gemma-3-12b-it_20251221-083608.pt,8,1,agree,2026-05-24 16:21:21
gemma3-12b-livemathbench-test,livemathbench_google_gemma-3-12b-it_20251221-084118.pt,12,0,agree,2026-05-24 16:21:21
gemma3-12b-matscibench-test,matscibench_google_gemma-3-12b-it_20251224-074547.pt,12,0,agree,2026-05-24 16:21:21
gemma3-12b-olympiadbench-test,olympiadbench_google_gemma-3-12b-it_20251224-055538.pt,23,0,agree,2026-05-24 16:21:21
gemma3-12b-olympiadbench-test,olympiadbench_google_gemma-3-12b-it_20251224-055726.pt,30,0,agree,2026-05-24 16:21:21
gemma3-12b-olympiadbench-test,olympiadbench_google_gemma-3-12b-it_20251224-055726.pt,11,0,agree,2026-05-24 16:21:21
gemma3-12b-olympiadbench-test,olympiadbench_google_gemma-3-12b-it_20251224-062004.pt,28,1,agree,2026-05-24 16:21:21
gemma3-12b-olympiadbench-test,olympiadbench_google_gemma-3-12b-it_20251224-062004.pt,23,0,agree,2026-05-24 16:21:21
gemma3-12b-olympiadbench-test,olympiadbench_google_gemma-3-12b-it_20251224-064549.pt,22,0,agree,2026-05-24 16:21:21
gemma3-12b-olympiadbench-test,olympiadbench_google_gemma-3-12b-it_20251224-064916.pt,29,0,agree,2026-05-24 16:21:21
gemma3-12b-olympiadbench-test,olympiadbench_google_gemma-3-12b-it_20251224-065243.pt,31,0,agree,2026-05-24 16:21:21
gemma3-12b-olympiadbench-test,olympiadbench_google_gemma-3-12b-it_20251224-065243.pt,7,0,agree,2026-05-24 16:21:21
gemma3-12b-matscibench-test,matscibench_google_gemma-3-12b-it_20251224-075900.pt,16,0,agree,2026-05-24 16:23:57
gemma3-12b-olympiadbench-test,olympiadbench_google_gemma-3-12b-it_20251224-055538.pt,25,0,agree,2026-05-24 16:23:57
gemma3-12b-olympiadbench-test,olympiadbench_google_gemma-3-12b-it_20251224-055538.pt,27,1,agree,2026-05-24 16:23:57
gemma3-12b-olympiadbench-test,olympiadbench_google_gemma-3-12b-it_20251224-063025.pt,20,0,agree,2026-05-24 16:23:57
gemma3-12b-olympiadbench-test,olympiadbench_google_gemma-3-12b-it_20251224-063714.pt,24,1,agree,2026-05-24 16:23:57
gemma3-12b-olympiadbench-test,olympiadbench_google_gemma-3-12b-it_20251224-064916.pt,6,0,agree,2026-05-24 16:23:57
gemma3-12b-olympiadbench-test,olympiadbench_google_gemma-3-12b-it_20251224-065101.pt,10,0,agree,2026-05-24 16:23:57
gemma3-12b-olympiadbench-test,olympiadbench_google_gemma-3-12b-it_20251224-065429.pt,14,1,agree,2026-05-24 16:23:57
gemma3-12b-scibench-test,scibench_google_gemma-3-12b-it_20251221-091337.pt,7,0,agree,2026-05-24 16:23:57
gemma3-12b-scibench-test,scibench_google_gemma-3-12b-it_20251221-093311.pt,27,1,agree,2026-05-24 16:23:57
gemma3-12b-scibench-test,scibench_google_gemma-3-12b-it_20251221-093611.pt,27,0,agree,2026-05-24 16:23:57
gemma3-12b-scibench-test,scibench_google_gemma-3-12b-it_20251221-093919.pt,12,0,agree,2026-05-24 16:23:57
gemma3-12b-scibench-test,scibench_google_gemma-3-12b-it_20251221-094234.pt,13,0,agree,2026-05-24 16:23:57
gemma3-12b-theoremqa-test,theoremqa_google_gemma-3-12b-it_20251224-052035.pt,7,1,agree,2026-05-24 16:23:57
gemma3-12b-theoremqa-test,theoremqa_google_gemma-3-12b-it_20251224-052804.pt,19,0,agree,2026-05-24 16:23:57
gemma3-12b-theoremqa-test,theoremqa_google_gemma-3-12b-it_20251224-052804.pt,11,0,agree,2026-05-24 16:23:57
gemma3-4b-gpqa-test,gpqa_google_gemma-3-4b-it_20251227-223018.pt,3,0,agree,2026-05-24 16:23:57
gemma3-4b-gpqa-test,gpqa_google_gemma-3-4b-it_20251227-223018.pt,16,0,agree,2026-05-24 16:23:57
gemma3-4b-gsm-test,gsm8k_google_gemma-3-4b-it_20251227-145721.pt,0,1,agree,2026-05-24 16:23:57
gemma3-4b-gsm-test,gsm8k_google_gemma-3-4b-it_20251227-145721.pt,28,1,agree,2026-05-24 16:23:57
gemma3-4b-gsm-test,gsm8k_google_gemma-3-4b-it_20251227-145825.pt,30,1,agree,2026-05-24 16:23:57
gemma3-4b-gsm-test,gsm8k_google_gemma-3-4b-it_20251227-150543.pt,31,1,agree,2026-05-24 16:23:57
gemma3-4b-gsmsymbolic-test,gsm8ksymbolic_google_gemma-3-4b-it_20251227-210428.pt,17,0,agree,2026-05-24 16:23:57
gemma3-4b-gsmsymbolic-test,gsm8ksymbolic_google_gemma-3-4b-it_20251227-210703.pt,6,0,agree,2026-05-24 16:23:57
gemma3-4b-gsmsymbolic-test,gsm8ksymbolic_google_gemma-3-4b-it_20251227-211227.pt,16,1,agree,2026-05-24 16:23:57
gemma3-4b-gsmsymbolic-test,gsm8ksymbolic_google_gemma-3-4b-it_20251227-212131.pt,16,1,agree,2026-05-24 16:23:57
gemma3-4b-gsmsymbolic-test,gsm8ksymbolic_google_gemma-3-4b-it_20251227-212517.pt,13,0,agree,2026-05-24 16:23:57
gemma3-4b-gsmsymbolic-test,gsm8ksymbolic_google_gemma-3-4b-it_20251227-212746.pt,26,1,agree,2026-05-24 16:23:57
gemma3-4b-gsmsymbolic-test,gsm8ksymbolic_google_gemma-3-4b-it_20251227-213147.pt,30,1,agree,2026-05-24 16:23:57
gemma3-4b-gsmsymbolic-test,gsm8ksymbolic_google_gemma-3-4b-it_20251227-214034.pt,26,1,agree,2026-05-24 16:23:57
gemma3-4b-gsmsymbolic-test,gsm8ksymbolic_google_gemma-3-4b-it_20251227-214110.pt,25,1,agree,2026-05-24 16:23:57
gemma3-4b-gsmsymbolic-test,gsm8ksymbolic_google_gemma-3-4b-it_20251227-214313.pt,2,1,agree,2026-05-24 16:23:57
gemma3-4b-gsmsymbolic-test,gsm8ksymbolic_google_gemma-3-4b-it_20251227-214627.pt,10,0,agree,2026-05-24 16:23:57
gemma3-4b-gsmsymbolic-test,gsm8ksymbolic_google_gemma-3-4b-it_20251227-214959.pt,1,1,agree,2026-05-24 16:23:57
gemma3-4b-gsmsymbolic-test,gsm8ksymbolic_google_gemma-3-4b-it_20251227-215446.pt,13,1,agree,2026-05-24 16:23:57
gemma3-4b-gsmsymbolic-test,gsm8ksymbolic_google_gemma-3-4b-it_20251227-215834.pt,12,1,agree,2026-05-24 16:23:57
gemma3-4b-gsmsymbolic-test,gsm8ksymbolic_google_gemma-3-4b-it_20251227-220930.pt,31,1,agree,2026-05-24 16:23:57
gemma3-4b-gsmsymbolic-test,gsm8ksymbolic_google_gemma-3-4b-it_20251227-221513.pt,17,1,agree,2026-05-24 16:23:57
gemma3-4b-gsmsymbolic-test,gsm8ksymbolic_google_gemma-3-4b-it_20251227-221918.pt,18,1,agree,2026-05-24 16:23:57
gemma3-4b-matscibench-test,matscibench_google_gemma-3-4b-it_20251227-233846.pt,3,0,agree,2026-05-24 16:23:57
gemma3-4b-matscibench-test,matscibench_google_gemma-3-4b-it_20251227-233846.pt,29,0,agree,2026-05-24 16:23:57
gemma3-4b-matscibench-test,matscibench_google_gemma-3-4b-it_20251227-234046.pt,8,0,agree,2026-05-24 16:23:57
gemma3-4b-matscibench-test,matscibench_google_gemma-3-4b-it_20251227-234206.pt,6,1,agree,2026-05-24 16:23:57
gemma3-4b-matscibench-test,matscibench_google_gemma-3-4b-it_20251227-234325.pt,2,0,agree,2026-05-24 16:23:57
gemma3-4b-matscibench-test,matscibench_google_gemma-3-4b-it_20251227-234402.pt,13,0,agree,2026-05-24 16:23:57
gemma3-4b-matscibench-test,matscibench_google_gemma-3-4b-it_20251227-234635.pt,22,0,agree,2026-05-24 16:23:57
gemma3-4b-olympiadbench-test,olympiadbench_google_gemma-3-4b-it_20251227-231458.pt,1,0,agree,2026-05-24 16:23:57
gemma3-4b-olympiadbench-test,olympiadbench_google_gemma-3-4b-it_20251227-232403.pt,26,0,agree,2026-05-24 16:23:57
gemma3-4b-olympiadbench-test,olympiadbench_google_gemma-3-4b-it_20251227-232609.pt,22,0,agree,2026-05-24 16:23:57
gemma3-4b-olympiadbench-test,olympiadbench_google_gemma-3-4b-it_20251227-232652.pt,5,1,agree,2026-05-24 16:23:57
gemma3-4b-gsmsymbolic-test,gsm8ksymbolic_google_gemma-3-4b-it_20251227-220030.pt,15,1,agree,2026-05-24 16:25:24
gemma3-4b-gsmsymbolic-test,gsm8ksymbolic_google_gemma-3-4b-it_20251227-220147.pt,4,1,agree,2026-05-24 16:25:24
gemma3-4b-gsmsymbolic-test,gsm8ksymbolic_google_gemma-3-4b-it_20251227-220346.pt,27,1,agree,2026-05-24 16:25:24
gemma3-4b-gsmsymbolic-test,gsm8ksymbolic_google_gemma-3-4b-it_20251227-220535.pt,1,1,agree,2026-05-24 16:25:24
gemma3-4b-gsmsymbolic-test,gsm8ksymbolic_google_gemma-3-4b-it_20251227-220758.pt,17,1,agree,2026-05-24 16:25:24
gemma3-4b-gsmsymbolic-test,gsm8ksymbolic_google_gemma-3-4b-it_20251227-220758.pt,2,1,agree,2026-05-24 16:25:24
gemma3-4b-gsmsymbolic-test,gsm8ksymbolic_google_gemma-3-4b-it_20251227-220930.pt,5,1,agree,2026-05-24 16:25:24
gemma3-4b-gsmsymbolic-test,gsm8ksymbolic_google_gemma-3-4b-it_20251227-220957.pt,16,1,agree,2026-05-24 16:25:24
gemma3-4b-gsmsymbolic-test,gsm8ksymbolic_google_gemma-3-4b-it_20251227-221124.pt,21,1,agree,2026-05-24 16:25:24
gemma3-4b-gsmsymbolic-test,gsm8ksymbolic_google_gemma-3-4b-it_20251227-221615.pt,5,1,agree,2026-05-24 16:25:24
gemma3-4b-gsmsymbolic-test,gsm8ksymbolic_google_gemma-3-4b-it_20251227-221955.pt,8,1,agree,2026-05-24 16:25:24
gemma3-4b-gsmsymbolic-test,gsm8ksymbolic_google_gemma-3-4b-it_20251227-222023.pt,17,1,agree,2026-05-24 16:25:24
gemma3-4b-livemathbench-test,livemathbench_google_gemma-3-4b-it_20251227-222422.pt,21,0,agree,2026-05-24 16:25:24
gemma3-4b-matscibench-test,matscibench_google_gemma-3-4b-it_20251227-233846.pt,26,0,agree,2026-05-24 16:25:24
gemma3-4b-matscibench-test,matscibench_google_gemma-3-4b-it_20251227-234126.pt,26,0,agree,2026-05-24 16:25:24
gemma3-4b-matscibench-test,matscibench_google_gemma-3-4b-it_20251227-234246.pt,7,0,agree,2026-05-24 16:25:24
gemma3-4b-matscibench-test,matscibench_google_gemma-3-4b-it_20251227-234754.pt,22,0,agree,2026-05-24 16:25:24
gemma3-4b-matscibench-test,matscibench_google_gemma-3-4b-it_20251227-235215.pt,31,0,agree,2026-05-24 16:25:24
gemma3-4b-matscibench-test,matscibench_google_gemma-3-4b-it_20251227-235408.pt,20,0,agree,2026-05-24 16:25:24
gemma3-4b-matscibench-test,matscibench_google_gemma-3-4b-it_20251227-235448.pt,5,0,agree,2026-05-24 16:25:24
gemma3-4b-matscibench-test,matscibench_google_gemma-3-4b-it_20251227-235448.pt,20,0,agree,2026-05-24 16:25:24
gemma3-4b-olympiadbench-test,olympiadbench_google_gemma-3-4b-it_20251227-231131.pt,13,0,agree,2026-05-24 16:25:24
gemma3-4b-olympiadbench-test,olympiadbench_google_gemma-3-4b-it_20251227-231623.pt,18,0,agree,2026-05-24 16:25:24
gemma3-4b-olympiadbench-test,olympiadbench_google_gemma-3-4b-it_20251227-232116.pt,19,1,agree,2026-05-24 16:25:24
gemma3-4b-olympiadbench-test,olympiadbench_google_gemma-3-4b-it_20251227-232157.pt,31,0,agree,2026-05-24 16:25:24
gemma3-4b-olympiadbench-test,olympiadbench_google_gemma-3-4b-it_20251227-232157.pt,30,0,agree,2026-05-24 16:25:24
gemma3-4b-olympiadbench-test,olympiadbench_google_gemma-3-4b-it_20251227-232526.pt,15,0,agree,2026-05-24 16:25:24
gemma3-4b-olympiadbench-test,olympiadbench_google_gemma-3-4b-it_20251227-232652.pt,17,0,agree,2026-05-24 16:25:24
gemma3-4b-olympiadbench-test,olympiadbench_google_gemma-3-4b-it_20251227-233230.pt,31,0,agree,2026-05-24 16:25:24
gemma3-4b-olympiadbench-test,olympiadbench_google_gemma-3-4b-it_20251227-233429.pt,17,0,agree,2026-05-24 16:25:24
gemma3-4b-olympiadbench-test,olympiadbench_google_gemma-3-4b-it_20251227-233511.pt,15,1,agree,2026-05-24 16:25:24
gemma3-4b-scibench-test,scibench_google_gemma-3-4b-it_20251227-223517.pt,26,0,agree,2026-05-24 16:25:24
gemma3-4b-scibench-test,scibench_google_gemma-3-4b-it_20251227-224107.pt,15,1,agree,2026-05-24 16:25:24
gemma3-4b-scibench-test,scibench_google_gemma-3-4b-it_20251227-224309.pt,10,0,agree,2026-05-24 16:25:24
gemma3-4b-scibench-test,scibench_google_gemma-3-4b-it_20251227-224505.pt,0,1,agree,2026-05-24 16:25:24
gemma3-4b-scibench-test,scibench_google_gemma-3-4b-it_20251227-224624.pt,6,0,agree,2026-05-24 16:25:24
gemma3-4b-scibench-test,scibench_google_gemma-3-4b-it_20251227-224624.pt,17,1,agree,2026-05-24 16:25:24
gemma3-4b-svamp-test,svamp_google_gemma-3-4b-it_20251227-205751.pt,14,1,agree,2026-05-24 16:25:24
gemma3-4b-svamp-test,svamp_google_gemma-3-4b-it_20251227-210112.pt,11,1,agree,2026-05-24 16:25:24
gemma3-4b-theoremqa-test,theoremqa_google_gemma-3-4b-it_20251227-225651.pt,28,0,agree,2026-05-24 16:25:24
gemma3-4b-theoremqa-test,theoremqa_google_gemma-3-4b-it_20251227-230035.pt,26,1,agree,2026-05-24 16:25:24
llama3-8b-gpqa-test,gpqa_meta-llama_Llama-3.1-8B-Instruct_20251220-162824.pt,55,0,agree,2026-05-24 16:25:24
llama3-8b-gpqa-test,gpqa_meta-llama_Llama-3.1-8B-Instruct_20251220-162923.pt,59,0,agree,2026-05-24 16:25:24
llama3-8b-gsm-test,gsm8k_meta-llama_Llama-3.1-8B-Instruct_20251220-025655.pt,33,1,agree,2026-05-24 16:25:24
llama3-8b-gsm-test,gsm8k_meta-llama_Llama-3.1-8B-Instruct_20251220-025755.pt,4,1,agree,2026-05-24 16:25:24
llama3-8b-gsm-test,gsm8k_meta-llama_Llama-3.1-8B-Instruct_20251220-025817.pt,57,1,agree,2026-05-24 16:25:24
llama3-8b-gsm-test,gsm8k_meta-llama_Llama-3.1-8B-Instruct_20251220-025828.pt,54,1,agree,2026-05-24 16:25:24
llama3-8b-gsm-test,gsm8k_meta-llama_Llama-3.1-8B-Instruct_20251220-030019.pt,44,1,agree,2026-05-24 16:25:24
llama3-8b-gsm-test,gsm8k_meta-llama_Llama-3.1-8B-Instruct_20251220-030044.pt,52,1,agree,2026-05-24 16:25:24
llama3-8b-gsm-test,gsm8k_meta-llama_Llama-3.1-8B-Instruct_20251220-030134.pt,56,1,agree,2026-05-24 16:25:24
llama3-8b-gsm-test,gsm8k_meta-llama_Llama-3.1-8B-Instruct_20251220-030326.pt,17,1,agree,2026-05-24 16:33:46
llama3-8b-gsmsymbolic-test,gsm8ksymbolic_meta-llama_Llama-3.1-8B-Instruct_20251220-153347.pt,28,1,agree,2026-05-24 16:33:46
llama3-8b-gsmsymbolic-test,gsm8ksymbolic_meta-llama_Llama-3.1-8B-Instruct_20251220-153438.pt,35,0,agree,2026-05-24 16:33:46
llama3-8b-gsmsymbolic-test,gsm8ksymbolic_meta-llama_Llama-3.1-8B-Instruct_20251220-154354.pt,51,1,agree,2026-05-24 16:33:46
llama3-8b-gsmsymbolic-test,gsm8ksymbolic_meta-llama_Llama-3.1-8B-Instruct_20251220-154354.pt,12,1,agree,2026-05-24 16:33:46
llama3-8b-gsmsymbolic-test,gsm8ksymbolic_meta-llama_Llama-3.1-8B-Instruct_20251220-154415.pt,32,1,agree,2026-05-24 16:33:46
llama3-8b-gsmsymbolic-test,gsm8ksymbolic_meta-llama_Llama-3.1-8B-Instruct_20251220-154556.pt,63,1,agree,2026-05-24 16:33:46
llama3-8b-gsmsymbolic-test,gsm8ksymbolic_meta-llama_Llama-3.1-8B-Instruct_20251220-154646.pt,30,1,agree,2026-05-24 16:33:46
llama3-8b-gsmsymbolic-test,gsm8ksymbolic_meta-llama_Llama-3.1-8B-Instruct_20251220-154737.pt,60,1,agree,2026-05-24 16:33:46
llama3-8b-gsmsymbolic-test,gsm8ksymbolic_meta-llama_Llama-3.1-8B-Instruct_20251220-154737.pt,51,1,agree,2026-05-24 16:33:46
llama3-8b-gsmsymbolic-test,gsm8ksymbolic_meta-llama_Llama-3.1-8B-Instruct_20251220-154918.pt,31,0,agree,2026-05-24 16:33:46
llama3-8b-gsmsymbolic-test,gsm8ksymbolic_meta-llama_Llama-3.1-8B-Instruct_20251220-155025.pt,18,0,agree,2026-05-24 16:33:46
llama3-8b-gsmsymbolic-test,gsm8ksymbolic_meta-llama_Llama-3.1-8B-Instruct_20251220-155320.pt,53,1,agree,2026-05-24 16:33:46
llama3-8b-gsmsymbolic-test,gsm8ksymbolic_meta-llama_Llama-3.1-8B-Instruct_20251220-155608.pt,56,1,agree,2026-05-24 16:33:46
llama3-8b-gsmsymbolic-test,gsm8ksymbolic_meta-llama_Llama-3.1-8B-Instruct_20251220-155751.pt,5,0,disagree,2026-05-24 16:33:46
llama3-8b-gsmsymbolic-test,gsm8ksymbolic_meta-llama_Llama-3.1-8B-Instruct_20251220-155939.pt,34,1,agree,2026-05-24 16:33:46
llama3-8b-gsmsymbolic-test,gsm8ksymbolic_meta-llama_Llama-3.1-8B-Instruct_20251220-160121.pt,44,1,agree,2026-05-24 16:33:46
llama3-8b-gsmsymbolic-test,gsm8ksymbolic_meta-llama_Llama-3.1-8B-Instruct_20251220-160121.pt,30,1,agree,2026-05-24 16:33:46
llama3-8b-gsmsymbolic-test,gsm8ksymbolic_meta-llama_Llama-3.1-8B-Instruct_20251220-160629.pt,15,0,agree,2026-05-24 16:33:46
llama3-8b-gsmsymbolic-test,gsm8ksymbolic_meta-llama_Llama-3.1-8B-Instruct_20251220-160629.pt,14,0,agree,2026-05-24 16:33:46
llama3-8b-gsmsymbolic-test,gsm8ksymbolic_meta-llama_Llama-3.1-8B-Instruct_20251220-161104.pt,46,1,agree,2026-05-24 16:33:46
llama3-8b-gsmsymbolic-test,gsm8ksymbolic_meta-llama_Llama-3.1-8B-Instruct_20251220-161246.pt,36,1,agree,2026-05-24 16:33:46
llama3-8b-gsmsymbolic-test,gsm8ksymbolic_meta-llama_Llama-3.1-8B-Instruct_20251220-161339.pt,14,1,agree,2026-05-24 16:33:46
llama3-8b-gsmsymbolic-test,gsm8ksymbolic_meta-llama_Llama-3.1-8B-Instruct_20251220-161407.pt,23,1,agree,2026-05-24 16:33:46
llama3-8b-gsmsymbolic-test,gsm8ksymbolic_meta-llama_Llama-3.1-8B-Instruct_20251220-161407.pt,5,1,agree,2026-05-24 16:33:46
llama3-8b-gsmsymbolic-test,gsm8ksymbolic_meta-llama_Llama-3.1-8B-Instruct_20251220-161449.pt,52,1,agree,2026-05-24 16:33:46
llama3-8b-gsmsymbolic-test,gsm8ksymbolic_meta-llama_Llama-3.1-8B-Instruct_20251220-161644.pt,62,0,agree,2026-05-24 16:33:46
llama3-8b-gsmsymbolic-test,gsm8ksymbolic_meta-llama_Llama-3.1-8B-Instruct_20251220-161953.pt,62,1,agree,2026-05-24 16:33:46
llama3-8b-gsmsymbolic-test,gsm8ksymbolic_meta-llama_Llama-3.1-8B-Instruct_20251220-162015.pt,54,1,agree,2026-05-24 16:33:46
llama3-8b-mathhendrycks-test,mathhendrycks_meta-llama_Llama-3.1-8B-Instruct_20251220-122402.pt,17,0,agree,2026-05-24 16:33:46
llama3-8b-mathhendrycks-test,mathhendrycks_meta-llama_Llama-3.1-8B-Instruct_20251220-122603.pt,12,0,agree,2026-05-24 16:33:46
llama3-8b-matscibench-test,matscibench_meta-llama_Llama-3.1-8B-Instruct_20251224-044504.pt,1,0,agree,2026-05-24 16:33:46
llama3-8b-matscibench-test,matscibench_meta-llama_Llama-3.1-8B-Instruct_20251224-050054.pt,12,0,agree,2026-05-24 16:33:46
llama3-8b-matscibench-test,matscibench_meta-llama_Llama-3.1-8B-Instruct_20251224-050449.pt,8,0,agree,2026-05-24 16:33:46
llama3-8b-matscibench-test,matscibench_meta-llama_Llama-3.1-8B-Instruct_20251224-050547.pt,18,0,agree,2026-05-24 16:33:46
llama3-8b-matscibench-test,matscibench_meta-llama_Llama-3.1-8B-Instruct_20251224-050814.pt,7,0,agree,2026-05-24 16:33:46
llama3-8b-matscibench-test,matscibench_meta-llama_Llama-3.1-8B-Instruct_20251224-051144.pt,17,0,agree,2026-05-24 16:33:46
llama3-8b-matscibench-test,matscibench_meta-llama_Llama-3.1-8B-Instruct_20251224-051241.pt,17,0,agree,2026-05-24 16:33:46
llama3-8b-olympiadbench-test,olympiadbench_meta-llama_Llama-3.1-8B-Instruct_20251224-040026.pt,23,0,agree,2026-05-24 16:33:46
llama3-8b-olympiadbench-test,olympiadbench_meta-llama_Llama-3.1-8B-Instruct_20251224-040628.pt,31,0,agree,2026-05-24 16:33:46
llama3-8b-olympiadbench-test,olympiadbench_meta-llama_Llama-3.1-8B-Instruct_20251224-040727.pt,14,0,agree,2026-05-24 16:33:46
llama3-8b-olympiadbench-test,olympiadbench_meta-llama_Llama-3.1-8B-Instruct_20251224-040825.pt,28,0,agree,2026-05-24 16:33:46
llama3-8b-olympiadbench-test,olympiadbench_meta-llama_Llama-3.1-8B-Instruct_20251224-041026.pt,9,0,agree,2026-05-24 16:33:46
llama3-8b-olympiadbench-test,olympiadbench_meta-llama_Llama-3.1-8B-Instruct_20251224-041125.pt,8,1,agree,2026-05-24 16:33:46
llama3-8b-olympiadbench-test,olympiadbench_meta-llama_Llama-3.1-8B-Instruct_20251224-041425.pt,8,0,agree,2026-05-24 16:33:46
llama3-8b-olympiadbench-test,olympiadbench_meta-llama_Llama-3.1-8B-Instruct_20251224-041924.pt,7,0,agree,2026-05-24 16:33:46
llama3-8b-olympiadbench-test,olympiadbench_meta-llama_Llama-3.1-8B-Instruct_20251224-042631.pt,15,0,agree,2026-05-24 16:33:46
llama3-8b-olympiadbench-test,olympiadbench_meta-llama_Llama-3.1-8B-Instruct_20251224-042733.pt,14,0,agree,2026-05-24 16:33:46
llama3-8b-olympiadbench-test,olympiadbench_meta-llama_Llama-3.1-8B-Instruct_20251224-042936.pt,0,0,agree,2026-05-24 16:33:46
llama3-8b-olympiadbench-test,olympiadbench_meta-llama_Llama-3.1-8B-Instruct_20251224-042936.pt,14,0,agree,2026-05-24 16:33:46
llama3-8b-olympiadbench-test,olympiadbench_meta-llama_Llama-3.1-8B-Instruct_20251224-043832.pt,2,0,agree,2026-05-24 16:33:46
llama3-8b-olympiadbench-test,olympiadbench_meta-llama_Llama-3.1-8B-Instruct_20251224-044234.pt,25,0,agree,2026-05-24 16:33:46
llama3-8b-svamp-test,svamp_meta-llama_Llama-3.1-8B-Instruct_20251220-152859.pt,22,0,agree,2026-05-24 16:33:46
llama3-8b-theoremqa-test,theoremqa_meta-llama_Llama-3.1-8B-Instruct_20251224-033752.pt,9,1,agree,2026-05-24 16:33:46
llama3-8b-theoremqa-test,theoremqa_meta-llama_Llama-3.1-8B-Instruct_20251224-034129.pt,6,0,agree,2026-05-24 16:33:46
llama3-8b-theoremqa-test,theoremqa_meta-llama_Llama-3.1-8B-Instruct_20251224-034319.pt,12,0,agree,2026-05-24 16:33:46
llama3-8b-theoremqa-test,theoremqa_meta-llama_Llama-3.1-8B-Instruct_20251224-034757.pt,6,0,agree,2026-05-24 16:33:46
llama3-8b-theoremqa-test,theoremqa_meta-llama_Llama-3.1-8B-Instruct_20251224-035409.pt,2,1,agree,2026-05-24 16:33:46
ministral3-3b-gpqa-test,gpqa_mistralai_Ministral-3-3B-Instruct-2512_20251227-133733.pt,11,0,agree,2026-05-24 16:33:46
ministral3-3b-gpqa-test,gpqa_mistralai_Ministral-3-3B-Instruct-2512_20251227-134010.pt,5,0,agree,2026-05-24 16:33:46
ministral3-3b-gpqa-test,gpqa_mistralai_Ministral-3-3B-Instruct-2512_20251227-134036.pt,17,1,disagree,2026-05-24 16:33:46
ministral3-3b-gsm-test,gsm8k_mistralai_Ministral-3-3B-Instruct-2512_20251227-085033.pt,18,1,agree,2026-05-24 16:33:46
ministral3-3b-gsm-test,gsm8k_mistralai_Ministral-3-3B-Instruct-2512_20251227-085301.pt,20,1,agree,2026-05-24 16:33:46
ministral3-3b-gsm-test,gsm8k_mistralai_Ministral-3-3B-Instruct-2512_20251227-085337.pt,24,1,agree,2026-05-24 16:33:46
ministral3-3b-gsm-test,gsm8k_mistralai_Ministral-3-3B-Instruct-2512_20251227-085429.pt,6,1,agree,2026-05-24 16:33:46
ministral3-3b-gsmsymbolic-test,gsm8ksymbolic_mistralai_Ministral-3-3B-Instruct-2512_20251227-124225.pt,20,1,agree,2026-05-24 16:33:46
ministral3-3b-gsmsymbolic-test,gsm8ksymbolic_mistralai_Ministral-3-3B-Instruct-2512_20251227-124524.pt,11,1,agree,2026-05-24 16:33:46
ministral3-3b-gsmsymbolic-test,gsm8ksymbolic_mistralai_Ministral-3-3B-Instruct-2512_20251227-124622.pt,25,0,agree,2026-05-24 16:33:46
ministral3-3b-gsmsymbolic-test,gsm8ksymbolic_mistralai_Ministral-3-3B-Instruct-2512_20251227-124740.pt,7,0,agree,2026-05-24 16:33:46
ministral3-3b-gsmsymbolic-test,gsm8ksymbolic_mistralai_Ministral-3-3B-Instruct-2512_20251227-125002.pt,19,1,agree,2026-05-24 16:33:46
ministral3-3b-gsmsymbolic-test,gsm8ksymbolic_mistralai_Ministral-3-3B-Instruct-2512_20251227-125201.pt,23,1,agree,2026-05-24 16:33:46
ministral3-3b-gsmsymbolic-test,gsm8ksymbolic_mistralai_Ministral-3-3B-Instruct-2512_20251227-125422.pt,2,1,agree,2026-05-24 16:33:46
ministral3-3b-gsmsymbolic-test,gsm8ksymbolic_mistralai_Ministral-3-3B-Instruct-2512_20251227-125918.pt,10,0,agree,2026-05-24 16:33:46
ministral3-3b-gsmsymbolic-test,gsm8ksymbolic_mistralai_Ministral-3-3B-Instruct-2512_20251227-130019.pt,27,1,agree,2026-05-24 16:33:46
ministral3-3b-gsmsymbolic-test,gsm8ksymbolic_mistralai_Ministral-3-3B-Instruct-2512_20251227-130344.pt,19,1,agree,2026-05-24 16:33:46
ministral3-3b-gsmsymbolic-test,gsm8ksymbolic_mistralai_Ministral-3-3B-Instruct-2512_20251227-124922.pt,22,1,agree,2026-05-24 16:35:48
ministral3-3b-gsmsymbolic-test,gsm8ksymbolic_mistralai_Ministral-3-3B-Instruct-2512_20251227-125042.pt,27,0,agree,2026-05-24 16:35:48
ministral3-3b-gsmsymbolic-test,gsm8ksymbolic_mistralai_Ministral-3-3B-Instruct-2512_20251227-125042.pt,25,1,agree,2026-05-24 16:35:48
ministral3-3b-gsmsymbolic-test,gsm8ksymbolic_mistralai_Ministral-3-3B-Instruct-2512_20251227-125201.pt,22,1,agree,2026-05-24 16:35:48
ministral3-3b-gsmsymbolic-test,gsm8ksymbolic_mistralai_Ministral-3-3B-Instruct-2512_20251227-125814.pt,0,1,agree,2026-05-24 16:35:48
ministral3-3b-gsmsymbolic-test,gsm8ksymbolic_mistralai_Ministral-3-3B-Instruct-2512_20251227-130803.pt,7,1,agree,2026-05-24 16:35:48
ministral3-3b-gsmsymbolic-test,gsm8ksymbolic_mistralai_Ministral-3-3B-Instruct-2512_20251227-130904.pt,13,1,agree,2026-05-24 16:35:48
ministral3-3b-gsmsymbolic-test,gsm8ksymbolic_mistralai_Ministral-3-3B-Instruct-2512_20251227-131324.pt,16,1,agree,2026-05-24 16:35:48
ministral3-3b-gsmsymbolic-test,gsm8ksymbolic_mistralai_Ministral-3-3B-Instruct-2512_20251227-132044.pt,22,0,agree,2026-05-24 16:35:48
ministral3-3b-gsmsymbolic-test,gsm8ksymbolic_mistralai_Ministral-3-3B-Instruct-2512_20251227-132143.pt,16,1,agree,2026-05-24 16:35:48
ministral3-3b-gsmsymbolic-test,gsm8ksymbolic_mistralai_Ministral-3-3B-Instruct-2512_20251227-132346.pt,26,1,agree,2026-05-24 16:35:48
ministral3-3b-gsmsymbolic-test,gsm8ksymbolic_mistralai_Ministral-3-3B-Instruct-2512_20251227-132346.pt,1,1,agree,2026-05-24 16:35:48
ministral3-3b-gsmsymbolic-test,gsm8ksymbolic_mistralai_Ministral-3-3B-Instruct-2512_20251227-132429.pt,0,0,agree,2026-05-24 16:35:48
ministral3-3b-gsmsymbolic-test,gsm8ksymbolic_mistralai_Ministral-3-3B-Instruct-2512_20251227-133111.pt,6,1,agree,2026-05-24 16:35:48
ministral3-3b-mathhendrycks-test,mathhendrycks_mistralai_Ministral-3-3B-Instruct-2512_20251227-095014.pt,4,1,agree,2026-05-24 16:35:48
ministral3-3b-mathhendrycks-test,mathhendrycks_mistralai_Ministral-3-3B-Instruct-2512_20251227-095249.pt,20,1,agree,2026-05-24 16:35:48
ministral3-3b-mathhendrycks-test,mathhendrycks_mistralai_Ministral-3-3B-Instruct-2512_20251227-095455.pt,19,1,agree,2026-05-24 16:35:48
ministral3-3b-mathhendrycks-test,mathhendrycks_mistralai_Ministral-3-3B-Instruct-2512_20251227-095635.pt,7,0,agree,2026-05-24 16:35:48
ministral3-3b-matscibench-test,matscibench_mistralai_Ministral-3-3B-Instruct-2512_20251227-143050.pt,26,0,agree,2026-05-24 16:35:48
ministral3-3b-matscibench-test,matscibench_mistralai_Ministral-3-3B-Instruct-2512_20251227-143510.pt,25,1,agree,2026-05-24 16:35:48
ministral3-3b-matscibench-test,matscibench_mistralai_Ministral-3-3B-Instruct-2512_20251227-143541.pt,7,0,agree,2026-05-24 16:35:48
ministral3-3b-matscibench-test,matscibench_mistralai_Ministral-3-3B-Instruct-2512_20251227-143608.pt,23,1,agree,2026-05-24 16:35:48
ministral3-3b-matscibench-test,matscibench_mistralai_Ministral-3-3B-Instruct-2512_20251227-143802.pt,6,0,agree,2026-05-24 16:35:48
ministral3-3b-matscibench-test,matscibench_mistralai_Ministral-3-3B-Instruct-2512_20251227-143829.pt,16,0,agree,2026-05-24 16:35:48
ministral3-3b-olympiadbench-test,olympiadbench_mistralai_Ministral-3-3B-Instruct-2512_20251227-135737.pt,19,0,disagree,2026-05-24 16:35:48
ministral3-3b-olympiadbench-test,olympiadbench_mistralai_Ministral-3-3B-Instruct-2512_20251227-141126.pt,6,0,agree,2026-05-24 16:35:48
ministral3-3b-olympiadbench-test,olympiadbench_mistralai_Ministral-3-3B-Instruct-2512_20251227-141309.pt,11,1,agree,2026-05-24 16:35:48
ministral3-3b-olympiadbench-test,olympiadbench_mistralai_Ministral-3-3B-Instruct-2512_20251227-141419.pt,12,1,agree,2026-05-24 16:35:48
ministral3-3b-olympiadbench-test,olympiadbench_mistralai_Ministral-3-3B-Instruct-2512_20251227-141602.pt,21,0,agree,2026-05-24 16:35:48
ministral3-3b-olympiadbench-test,olympiadbench_mistralai_Ministral-3-3B-Instruct-2512_20251227-141602.pt,17,1,agree,2026-05-24 16:35:48
ministral3-3b-olympiadbench-test,olympiadbench_mistralai_Ministral-3-3B-Instruct-2512_20251227-141706.pt,25,1,agree,2026-05-24 16:35:48
ministral3-3b-scibench-test,scibench_mistralai_Ministral-3-3B-Instruct-2512_20251227-134700.pt,14,0,agree,2026-05-24 16:35:48
ministral3-3b-scibench-test,scibench_mistralai_Ministral-3-3B-Instruct-2512_20251227-134724.pt,23,0,agree,2026-05-24 16:35:48
ministral3-3b-scibench-test,scibench_mistralai_Ministral-3-3B-Instruct-2512_20251227-134902.pt,2,1,agree,2026-05-24 16:35:48
ministral3-3b-svamp-test,svamp_mistralai_Ministral-3-3B-Instruct-2512_20251227-123920.pt,12,1,agree,2026-05-24 16:35:48
ministral3-3b-svamp-test,svamp_mistralai_Ministral-3-3B-Instruct-2512_20251227-124021.pt,19,1,agree,2026-05-24 16:35:48
ministral3-3b-theoremqa-test,theoremqa_mistralai_Ministral-3-3B-Instruct-2512_20251227-141846.pt,12,0,agree,2026-05-24 16:35:48
ministral3-3b-theoremqa-test,theoremqa_mistralai_Ministral-3-3B-Instruct-2512_20251227-142031.pt,15,1,agree,2026-05-24 16:35:48
ministral3-3b-theoremqa-test,theoremqa_mistralai_Ministral-3-3B-Instruct-2512_20251227-142031.pt,31,0,agree,2026-05-24 16:35:48
ministral3-3b-theoremqa-test,theoremqa_mistralai_Ministral-3-3B-Instruct-2512_20251227-142248.pt,7,1,agree,2026-05-24 16:35:48
ministral3-3b-theoremqa-test,theoremqa_mistralai_Ministral-3-3B-Instruct-2512_20251227-142433.pt,14,0,agree,2026-05-24 16:35:48
ministral3-3b-theoremqa-test,theoremqa_mistralai_Ministral-3-3B-Instruct-2512_20251227-142528.pt,27,1,agree,2026-05-24 16:35:48
ministral3-3b-theoremqa-test,theoremqa_mistralai_Ministral-3-3B-Instruct-2512_20251227-142622.pt,2,0,agree,2026-05-24 16:35:48
ministral3-3b-theoremqa-test,theoremqa_mistralai_Ministral-3-3B-Instruct-2512_20251227-142745.pt,30,0,agree,2026-05-24 16:35:48
ministral3-8b-gpqa-test,gpqa_mistralai_Ministral-3-8B-Instruct-2512_20251216-081225.pt,0,1,agree,2026-05-24 16:35:48
ministral3-8b-gpqa-test,gpqa_mistralai_Ministral-3-8B-Instruct-2512_20251216-081936.pt,4,1,agree,2026-05-24 16:35:48
ministral3-8b-gpqa-test,gpqa_mistralai_Ministral-3-8B-Instruct-2512_20251216-082231.pt,1,1,agree,2026-05-24 16:35:48
ministral3-8b-gpqa-test,gpqa_mistralai_Ministral-3-8B-Instruct-2512_20251216-082616.pt,2,1,agree,2026-05-24 16:35:48
ministral3-8b-gpqa-test,gpqa_mistralai_Ministral-3-8B-Instruct-2512_20251216-084152.pt,3,0,agree,2026-05-24 16:35:48
ministral3-8b-gsm-test,gsm8k_mistralai_Ministral-3-8B-Instruct-2512_20251215-114614.pt,3,1,agree,2026-05-24 16:35:48
ministral3-8b-gsm-test,gsm8k_mistralai_Ministral-3-8B-Instruct-2512_20251215-123522.pt,2,1,agree,2026-05-24 16:35:48
ministral3-8b-gsm-test,gsm8k_mistralai_Ministral-3-8B-Instruct-2512_20251215-130529.pt,1,1,agree,2026-05-24 16:35:48
ministral3-8b-gsmsymbolic-test,gsm8ksymbolic_mistralai_Ministral-3-8B-Instruct-2512_20251220-112949.pt,41,1,agree,2026-05-24 16:35:48
ministral3-8b-gsmsymbolic-test,gsm8ksymbolic_mistralai_Ministral-3-8B-Instruct-2512_20251220-113026.pt,20,1,agree,2026-05-24 16:35:48
ministral3-8b-gsmsymbolic-test,gsm8ksymbolic_mistralai_Ministral-3-8B-Instruct-2512_20251220-113455.pt,49,1,agree,2026-05-24 16:35:48
ministral3-8b-gsmsymbolic-test,gsm8ksymbolic_mistralai_Ministral-3-8B-Instruct-2512_20251220-113534.pt,39,1,agree,2026-05-24 16:35:48
ministral3-8b-gsmsymbolic-test,gsm8ksymbolic_mistralai_Ministral-3-8B-Instruct-2512_20251220-113534.pt,19,1,agree,2026-05-24 16:35:48
ministral3-8b-gsmsymbolic-test,gsm8ksymbolic_mistralai_Ministral-3-8B-Instruct-2512_20251220-113808.pt,34,1,agree,2026-05-24 16:35:48
ministral3-8b-gsmsymbolic-test,gsm8ksymbolic_mistralai_Ministral-3-8B-Instruct-2512_20251220-114202.pt,29,1,agree,2026-05-24 16:35:48
ministral3-8b-gsmsymbolic-test,gsm8ksymbolic_mistralai_Ministral-3-8B-Instruct-2512_20251220-114239.pt,50,1,agree,2026-05-24 16:35:48
ministral3-8b-gsmsymbolic-test,gsm8ksymbolic_mistralai_Ministral-3-8B-Instruct-2512_20251220-114319.pt,56,1,agree,2026-05-24 16:35:48
ministral3-8b-gsmsymbolic-test,gsm8ksymbolic_mistralai_Ministral-3-8B-Instruct-2512_20251220-114319.pt,57,1,agree,2026-05-24 16:35:48
ministral3-8b-gsmsymbolic-test,gsm8ksymbolic_mistralai_Ministral-3-8B-Instruct-2512_20251220-114751.pt,20,1,agree,2026-05-24 16:35:48
ministral3-8b-gsmsymbolic-test,gsm8ksymbolic_mistralai_Ministral-3-8B-Instruct-2512_20251220-114827.pt,1,1,agree,2026-05-24 16:35:48
ministral3-8b-gsmsymbolic-test,gsm8ksymbolic_mistralai_Ministral-3-8B-Instruct-2512_20251220-115055.pt,23,0,agree,2026-05-24 16:35:48
ministral3-8b-gsmsymbolic-test,gsm8ksymbolic_mistralai_Ministral-3-8B-Instruct-2512_20251220-115212.pt,3,1,agree,2026-05-24 16:35:48
ministral3-8b-gsmsymbolic-test,gsm8ksymbolic_mistralai_Ministral-3-8B-Instruct-2512_20251220-115212.pt,51,1,agree,2026-05-24 16:35:48
ministral3-8b-gsmsymbolic-test,gsm8ksymbolic_mistralai_Ministral-3-8B-Instruct-2512_20251220-115250.pt,39,0,disagree,2026-05-24 16:35:48
ministral3-8b-gsmsymbolic-test,gsm8ksymbolic_mistralai_Ministral-3-8B-Instruct-2512_20251220-115250.pt,5,1,agree,2026-05-24 16:35:48
ministral3-8b-gsmsymbolic-test,gsm8ksymbolic_mistralai_Ministral-3-8B-Instruct-2512_20251220-115408.pt,50,1,agree,2026-05-24 16:35:48
ministral3-8b-gsmsymbolic-test,gsm8ksymbolic_mistralai_Ministral-3-8B-Instruct-2512_20251220-115525.pt,59,1,agree,2026-05-24 16:35:48
ministral3-8b-gsmsymbolic-test,gsm8ksymbolic_mistralai_Ministral-3-8B-Instruct-2512_20251220-115603.pt,8,1,agree,2026-05-24 16:35:48
ministral3-8b-gsmsymbolic-test,gsm8ksymbolic_mistralai_Ministral-3-8B-Instruct-2512_20251220-115644.pt,44,1,agree,2026-05-24 16:35:48
ministral3-8b-gsmsymbolic-test,gsm8ksymbolic_mistralai_Ministral-3-8B-Instruct-2512_20251220-115644.pt,31,1,agree,2026-05-24 16:35:48
ministral3-8b-gsmsymbolic-test,gsm8ksymbolic_mistralai_Ministral-3-8B-Instruct-2512_20251220-115800.pt,59,1,agree,2026-05-24 16:35:48
ministral3-8b-gsmsymbolic-test,gsm8ksymbolic_mistralai_Ministral-3-8B-Instruct-2512_20251220-115957.pt,57,1,agree,2026-05-24 16:35:48
ministral3-8b-gsmsymbolic-test,gsm8ksymbolic_mistralai_Ministral-3-8B-Instruct-2512_20251220-120153.pt,40,1,agree,2026-05-24 16:35:48
ministral3-8b-gsmsymbolic-test,gsm8ksymbolic_mistralai_Ministral-3-8B-Instruct-2512_20251220-120234.pt,23,1,agree,2026-05-24 16:35:48
ministral3-8b-gsmsymbolic-test,gsm8ksymbolic_mistralai_Ministral-3-8B-Instruct-2512_20251220-120234.pt,47,0,agree,2026-05-24 16:35:48
ministral3-8b-gsmsymbolic-test,gsm8ksymbolic_mistralai_Ministral-3-8B-Instruct-2512_20251220-120352.pt,20,1,agree,2026-05-24 16:35:48
ministral3-8b-gsmsymbolic-test,gsm8ksymbolic_mistralai_Ministral-3-8B-Instruct-2512_20251220-120509.pt,21,1,agree,2026-05-24 16:35:48
ministral3-8b-gsmsymbolic-test,gsm8ksymbolic_mistralai_Ministral-3-8B-Instruct-2512_20251220-120549.pt,47,1,agree,2026-05-24 16:35:48
ministral3-8b-gsmsymbolic-test,gsm8ksymbolic_mistralai_Ministral-3-8B-Instruct-2512_20251220-120549.pt,46,1,agree,2026-05-24 16:35:48
ministral3-8b-gsmsymbolic-test,gsm8ksymbolic_mistralai_Ministral-3-8B-Instruct-2512_20251220-120748.pt,40,1,agree,2026-05-24 16:35:48
ministral3-8b-gsmsymbolic-test,gsm8ksymbolic_mistralai_Ministral-3-8B-Instruct-2512_20251220-120825.pt,25,1,agree,2026-05-24 16:35:48
ministral3-8b-gsmsymbolic-test,gsm8ksymbolic_mistralai_Ministral-3-8B-Instruct-2512_20251220-121019.pt,36,1,agree,2026-05-24 16:35:48
ministral3-8b-gsmsymbolic-test,gsm8ksymbolic_mistralai_Ministral-3-8B-Instruct-2512_20251220-121134.pt,9,1,agree,2026-05-24 16:35:48
ministral3-8b-gsmsymbolic-test,gsm8ksymbolic_mistralai_Ministral-3-8B-Instruct-2512_20251220-121213.pt,37,1,agree,2026-05-24 16:35:48
ministral3-8b-gsmsymbolic-test,gsm8ksymbolic_mistralai_Ministral-3-8B-Instruct-2512_20251220-121445.pt,19,1,agree,2026-05-24 16:35:48
ministral3-8b-mathhendrycks-test,mathhendrycks_mistralai_Ministral-3-8B-Instruct-2512_20251217-222453.pt,4,1,agree,2026-05-24 16:35:48
ministral3-8b-mathhendrycks-test,mathhendrycks_mistralai_Ministral-3-8B-Instruct-2512_20251217-222656.pt,3,1,agree,2026-05-24 16:35:48
ministral3-8b-mathhendrycks-test,mathhendrycks_mistralai_Ministral-3-8B-Instruct-2512_20251217-224410.pt,4,1,agree,2026-05-24 16:35:48
ministral3-8b-matscibench-test,matscibench_mistralai_Ministral-3-8B-Instruct-2512_20251224-032337.pt,12,0,agree,2026-05-24 16:35:48
ministral3-8b-matscibench-test,matscibench_mistralai_Ministral-3-8B-Instruct-2512_20251224-032337.pt,17,0,disagree,2026-05-24 16:35:48
ministral3-8b-matscibench-test,matscibench_mistralai_Ministral-3-8B-Instruct-2512_20251224-033151.pt,0,0,agree,2026-05-24 16:35:48
ministral3-8b-matscibench-test,matscibench_mistralai_Ministral-3-8B-Instruct-2512_20251224-033234.pt,0,0,agree,2026-05-24 16:35:48
ministral3-8b-matscibench-test,matscibench_mistralai_Ministral-3-8B-Instruct-2512_20251224-033358.pt,11,1,agree,2026-05-24 16:35:48
ministral3-8b-matscibench-test,matscibench_mistralai_Ministral-3-8B-Instruct-2512_20251224-033437.pt,8,1,agree,2026-05-24 16:35:48
ministral3-8b-olympiadbench-test,olympiadbench_mistralai_Ministral-3-8B-Instruct-2512_20251224-021946.pt,27,0,agree,2026-05-24 16:35:48
ministral3-8b-olympiadbench-test,olympiadbench_mistralai_Ministral-3-8B-Instruct-2512_20251224-021946.pt,16,1,agree,2026-05-24 16:35:48
ministral3-8b-olympiadbench-test,olympiadbench_mistralai_Ministral-3-8B-Instruct-2512_20251224-023021.pt,23,0,agree,2026-05-24 16:37:30
ministral3-8b-olympiadbench-test,olympiadbench_mistralai_Ministral-3-8B-Instruct-2512_20251224-023336.pt,18,1,agree,2026-05-24 16:37:30
ministral3-8b-olympiadbench-test,olympiadbench_mistralai_Ministral-3-8B-Instruct-2512_20251224-024236.pt,15,0,agree,2026-05-24 16:37:30
ministral3-8b-scibench-test,scibench_mistralai_Ministral-3-8B-Instruct-2512_20251216-105958.pt,0,1,agree,2026-05-24 16:37:30
ministral3-8b-svamp-test,svamp_mistralai_Ministral-3-8B-Instruct-2512_20251219-133143.pt,4,1,agree,2026-05-24 16:37:30
ministral3-8b-theoremqa-test,theoremqa_mistralai_Ministral-3-8B-Instruct-2512_20251224-025709.pt,16,1,agree,2026-05-24 16:37:30
ministral3-8b-theoremqa-test,theoremqa_mistralai_Ministral-3-8B-Instruct-2512_20251224-030632.pt,10,0,agree,2026-05-24 16:37:30
oss-20b-gpqa-test,gpqa_openai_gpt-oss-20b_20251219-173504.pt,63,0,agree,2026-05-24 16:37:30
oss-20b-gpqa-test,gpqa_openai_gpt-oss-20b_20251219-173504.pt,61,0,agree,2026-05-24 16:37:30
oss-20b-gpqa-test,gpqa_openai_gpt-oss-20b_20251219-173601.pt,30,0,agree,2026-05-24 16:37:30
oss-20b-gsm-test,gsm8k_openai_gpt-oss-20b_20251219-133848.pt,2,1,agree,2026-05-24 16:37:30
oss-20b-gsm-test,gsm8k_openai_gpt-oss-20b_20251219-133958.pt,19,1,agree,2026-05-24 16:37:30
oss-20b-gsm-test,gsm8k_openai_gpt-oss-20b_20251219-134408.pt,22,1,agree,2026-05-24 16:37:30
oss-20b-gsm-test,gsm8k_openai_gpt-oss-20b_20251219-134603.pt,51,1,agree,2026-05-24 16:37:30
oss-20b-gsm-test,gsm8k_openai_gpt-oss-20b_20251219-134843.pt,32,1,agree,2026-05-24 16:37:30
oss-20b-gsm-test,gsm8k_openai_gpt-oss-20b_20251219-134843.pt,10,1,agree,2026-05-24 16:37:30
oss-20b-gsmsymbolic-test,gsm8ksymbolic_openai_gpt-oss-20b_20251221-094839.pt,17,1,agree,2026-05-24 16:37:30
oss-20b-gsmsymbolic-test,gsm8ksymbolic_openai_gpt-oss-20b_20251221-094911.pt,9,1,agree,2026-05-24 16:37:30
oss-20b-gsmsymbolic-test,gsm8ksymbolic_openai_gpt-oss-20b_20251221-095118.pt,24,1,agree,2026-05-24 16:37:30
oss-20b-gsmsymbolic-test,gsm8ksymbolic_openai_gpt-oss-20b_20251221-095656.pt,29,1,agree,2026-05-24 16:37:30
oss-20b-gsmsymbolic-test,gsm8ksymbolic_openai_gpt-oss-20b_20251221-100051.pt,6,1,agree,2026-05-24 16:37:30
oss-20b-gsmsymbolic-test,gsm8ksymbolic_openai_gpt-oss-20b_20251221-100328.pt,24,1,agree,2026-05-24 16:37:30
oss-20b-gsmsymbolic-test,gsm8ksymbolic_openai_gpt-oss-20b_20251221-100840.pt,25,1,agree,2026-05-24 16:37:30
oss-20b-gsmsymbolic-test,gsm8ksymbolic_openai_gpt-oss-20b_20251221-100912.pt,2,1,agree,2026-05-24 16:37:30
oss-20b-gsmsymbolic-test,gsm8ksymbolic_openai_gpt-oss-20b_20251221-101611.pt,1,0,agree,2026-05-24 16:37:30
oss-20b-gsmsymbolic-test,gsm8ksymbolic_openai_gpt-oss-20b_20251221-102135.pt,11,1,agree,2026-05-24 16:37:30
oss-20b-gsmsymbolic-test,gsm8ksymbolic_openai_gpt-oss-20b_20251221-102831.pt,27,1,agree,2026-05-24 16:37:30
oss-20b-gsmsymbolic-test,gsm8ksymbolic_openai_gpt-oss-20b_20251221-103105.pt,18,1,agree,2026-05-24 16:37:30
oss-20b-gsmsymbolic-test,gsm8ksymbolic_openai_gpt-oss-20b_20251221-103536.pt,17,1,agree,2026-05-24 16:37:30
oss-20b-gsmsymbolic-test,gsm8ksymbolic_openai_gpt-oss-20b_20251221-103606.pt,29,1,agree,2026-05-24 16:37:30
oss-20b-gsmsymbolic-test,gsm8ksymbolic_openai_gpt-oss-20b_20251221-103743.pt,14,1,agree,2026-05-24 16:37:30
oss-20b-gsmsymbolic-test,gsm8ksymbolic_openai_gpt-oss-20b_20251221-103856.pt,8,0,agree,2026-05-24 16:37:30
oss-20b-gsmsymbolic-test,gsm8ksymbolic_openai_gpt-oss-20b_20251221-104743.pt,3,1,agree,2026-05-24 16:37:30
oss-20b-gsmsymbolic-test,gsm8ksymbolic_openai_gpt-oss-20b_20251221-104815.pt,22,1,agree,2026-05-24 16:37:30
oss-20b-gsmsymbolic-test,gsm8ksymbolic_openai_gpt-oss-20b_20251221-105120.pt,23,1,agree,2026-05-24 16:37:30
oss-20b-gsmsymbolic-test,gsm8ksymbolic_openai_gpt-oss-20b_20251221-105330.pt,7,1,agree,2026-05-24 16:37:30
oss-20b-gsmsymbolic-test,gsm8ksymbolic_openai_gpt-oss-20b_20251221-105648.pt,6,1,agree,2026-05-24 16:37:30
oss-20b-gsmsymbolic-test,gsm8ksymbolic_openai_gpt-oss-20b_20251221-105749.pt,27,1,agree,2026-05-24 16:37:30
oss-20b-gsmsymbolic-test,gsm8ksymbolic_openai_gpt-oss-20b_20251221-110203.pt,12,0,agree,2026-05-24 16:37:30
oss-20b-gsmsymbolic-test,gsm8ksymbolic_openai_gpt-oss-20b_20251221-110309.pt,13,1,agree,2026-05-24 16:37:30
oss-20b-gsmsymbolic-test,gsm8ksymbolic_openai_gpt-oss-20b_20251221-110554.pt,31,1,agree,2026-05-24 16:37:30
oss-20b-gsmsymbolic-test,gsm8ksymbolic_openai_gpt-oss-20b_20251221-110936.pt,5,1,agree,2026-05-24 16:37:30
oss-20b-livemathbench-test,livemathbench_openai_gpt-oss-20b_20251221-111151.pt,24,0,agree,2026-05-24 16:37:30
oss-20b-mathhendrycks-test,mathhendrycks_openai_gpt-oss-20b_20251219-145303.pt,41,0,agree,2026-05-24 16:37:30
oss-20b-mathhendrycks-test,mathhendrycks_openai_gpt-oss-20b_20251219-145350.pt,22,1,agree,2026-05-24 16:37:30
oss-20b-mathhendrycks-test,mathhendrycks_openai_gpt-oss-20b_20251219-145434.pt,17,1,agree,2026-05-24 16:37:30
oss-20b-mathhendrycks-test,mathhendrycks_openai_gpt-oss-20b_20251219-145649.pt,6,1,agree,2026-05-24 16:37:30
oss-20b-mathhendrycks-test,mathhendrycks_openai_gpt-oss-20b_20251219-145649.pt,29,1,agree,2026-05-24 16:37:30
oss-20b-matscibench-test,matscibench_openai_gpt-oss-20b_20251224-090224.pt,22,0,agree,2026-05-24 16:37:30
oss-20b-matscibench-test,matscibench_openai_gpt-oss-20b_20251224-091142.pt,18,0,agree,2026-05-24 16:37:30
oss-20b-matscibench-test,matscibench_openai_gpt-oss-20b_20251224-091613.pt,10,0,agree,2026-05-24 16:37:30
oss-20b-matscibench-test,matscibench_openai_gpt-oss-20b_20251224-091835.pt,29,1,agree,2026-05-24 16:37:30
oss-20b-olympiadbench-test,olympiadbench_openai_gpt-oss-20b_20251224-083239.pt,15,0,agree,2026-05-24 16:37:30
oss-20b-olympiadbench-test,olympiadbench_openai_gpt-oss-20b_20251224-084221.pt,1,1,agree,2026-05-24 16:37:30
oss-20b-olympiadbench-test,olympiadbench_openai_gpt-oss-20b_20251224-084221.pt,15,0,agree,2026-05-24 16:37:30
oss-20b-olympiadbench-test,olympiadbench_openai_gpt-oss-20b_20251224-084221.pt,18,0,agree,2026-05-24 16:37:30
oss-20b-olympiadbench-test,olympiadbench_openai_gpt-oss-20b_20251224-085025.pt,22,1,agree,2026-05-24 16:37:30
oss-20b-olympiadbench-test,olympiadbench_openai_gpt-oss-20b_20251224-085339.pt,3,0,agree,2026-05-24 16:37:30
oss-20b-scibench-test,scibench_openai_gpt-oss-20b_20251219-174021.pt,18,1,agree,2026-05-24 16:37:30
oss-20b-scibench-test,scibench_openai_gpt-oss-20b_20251219-174113.pt,29,0,agree,2026-05-24 16:37:30
oss-20b-scibench-test,scibench_openai_gpt-oss-20b_20251219-174436.pt,17,1,agree,2026-05-24 16:37:30
oss-20b-scibench-test,scibench_openai_gpt-oss-20b_20251219-174526.pt,27,1,agree,2026-05-24 16:37:30
oss-20b-scibench-test,scibench_openai_gpt-oss-20b_20251219-174801.pt,28,1,agree,2026-05-24 16:37:30
oss-20b-svamp-test,svamp_openai_gpt-oss-20b_20251219-172631.pt,13,1,agree,2026-05-24 16:37:30
oss-20b-theoremqa-test,theoremqa_openai_gpt-oss-20b_20251224-080930.pt,18,1,agree,2026-05-24 16:37:30
oss-20b-theoremqa-test,theoremqa_openai_gpt-oss-20b_20251224-081228.pt,28,1,agree,2026-05-24 16:37:30
oss-20b-theoremqa-test,theoremqa_openai_gpt-oss-20b_20251224-081446.pt,5,1,agree,2026-05-24 16:37:30
oss-20b-theoremqa-test,theoremqa_openai_gpt-oss-20b_20251224-081749.pt,7,1,agree,2026-05-24 16:37:30
oss-20b-theoremqa-test,theoremqa_openai_gpt-oss-20b_20251224-082004.pt,16,1,agree,2026-05-24 16:37:30
phi3-3b-gpqa-test,gpqa_microsoft_Phi-3.5-mini-instruct_20251213-153134.pt,4,0,agree,2026-05-24 16:37:30
phi3-3b-gpqa-test,gpqa_microsoft_Phi-3.5-mini-instruct_20251213-154204.pt,1,0,agree,2026-05-24 16:37:30
phi3-3b-gpqa-test,gpqa_microsoft_Phi-3.5-mini-instruct_20251213-154412.pt,2,0,agree,2026-05-24 16:37:30
phi3-3b-gpqa-test,gpqa_microsoft_Phi-3.5-mini-instruct_20251213-154831.pt,4,0,agree,2026-05-24 16:37:30
phi3-3b-gpqa-test,gpqa_microsoft_Phi-3.5-mini-instruct_20251213-160547.pt,3,0,agree,2026-05-24 16:37:30
phi3-3b-gsm-test,gsm8k_microsoft_Phi-3.5-mini-instruct_20251212-190928.pt,0,0,agree,2026-05-24 16:37:30
phi3-3b-gsm-test,gsm8k_microsoft_Phi-3.5-mini-instruct_20251212-191940.pt,0,0,agree,2026-05-24 16:37:30
phi3-3b-gsm-test,gsm8k_microsoft_Phi-3.5-mini-instruct_20251212-192451.pt,2,0,agree,2026-05-24 16:37:30
phi3-3b-gsm-test,gsm8k_microsoft_Phi-3.5-mini-instruct_20251212-194047.pt,3,0,agree,2026-05-24 16:37:30
phi3-3b-gsm-test,gsm8k_microsoft_Phi-3.5-mini-instruct_20251212-194203.pt,1,1,agree,2026-05-24 16:37:30
phi3-3b-gsm-test,gsm8k_microsoft_Phi-3.5-mini-instruct_20251212-195035.pt,2,1,agree,2026-05-24 16:37:30
phi3-3b-gsm-test,gsm8k_microsoft_Phi-3.5-mini-instruct_20251212-195428.pt,3,1,agree,2026-05-24 16:37:30
phi3-3b-gsmsymbolic-test,gsm8ksymbolic_microsoft_Phi-3.5-mini-instruct_20251220-035155.pt,1,1,agree,2026-05-24 16:37:30
phi3-3b-gsmsymbolic-test,gsm8ksymbolic_microsoft_Phi-3.5-mini-instruct_20251220-035238.pt,13,1,agree,2026-05-24 16:37:30
phi3-3b-gsmsymbolic-test,gsm8ksymbolic_microsoft_Phi-3.5-mini-instruct_20251220-035337.pt,2,1,agree,2026-05-24 16:37:30
phi3-3b-gsmsymbolic-test,gsm8ksymbolic_microsoft_Phi-3.5-mini-instruct_20251220-035419.pt,2,1,agree,2026-05-24 16:37:30
phi3-3b-gsmsymbolic-test,gsm8ksymbolic_microsoft_Phi-3.5-mini-instruct_20251220-035528.pt,26,1,agree,2026-05-24 16:37:30
phi3-3b-gsmsymbolic-test,gsm8ksymbolic_microsoft_Phi-3.5-mini-instruct_20251220-035610.pt,12,1,agree,2026-05-24 16:37:30
phi3-3b-gsmsymbolic-test,gsm8ksymbolic_microsoft_Phi-3.5-mini-instruct_20251220-035622.pt,23,1,agree,2026-05-24 16:37:30
phi3-3b-gsmsymbolic-test,gsm8ksymbolic_microsoft_Phi-3.5-mini-instruct_20251220-035725.pt,36,0,agree,2026-05-24 16:37:30
phi3-3b-gsmsymbolic-test,gsm8ksymbolic_microsoft_Phi-3.5-mini-instruct_20251220-035738.pt,32,0,agree,2026-05-24 16:37:30
phi3-3b-gsmsymbolic-test,gsm8ksymbolic_microsoft_Phi-3.5-mini-instruct_20251220-035738.pt,47,1,agree,2026-05-24 16:37:30
phi3-3b-gsmsymbolic-test,gsm8ksymbolic_microsoft_Phi-3.5-mini-instruct_20251220-035738.pt,36,1,agree,2026-05-24 16:37:30
phi3-3b-gsmsymbolic-test,gsm8ksymbolic_microsoft_Phi-3.5-mini-instruct_20251220-035916.pt,31,1,agree,2026-05-24 16:37:30
phi3-3b-gsmsymbolic-test,gsm8ksymbolic_microsoft_Phi-3.5-mini-instruct_20251220-035944.pt,47,1,agree,2026-05-24 16:37:30
phi3-3b-gsmsymbolic-test,gsm8ksymbolic_microsoft_Phi-3.5-mini-instruct_20251220-040247.pt,25,0,agree,2026-05-24 16:37:30
phi3-3b-gsmsymbolic-test,gsm8ksymbolic_microsoft_Phi-3.5-mini-instruct_20251220-040345.pt,6,1,agree,2026-05-24 16:37:30
phi3-3b-gsmsymbolic-test,gsm8ksymbolic_microsoft_Phi-3.5-mini-instruct_20251220-040518.pt,13,0,agree,2026-05-24 16:37:30
phi3-3b-gsmsymbolic-test,gsm8ksymbolic_microsoft_Phi-3.5-mini-instruct_20251220-040626.pt,4,1,agree,2026-05-24 16:37:30
phi3-3b-gsmsymbolic-test,gsm8ksymbolic_microsoft_Phi-3.5-mini-instruct_20251220-040653.pt,53,1,agree,2026-05-24 16:37:30
phi3-3b-gsmsymbolic-test,gsm8ksymbolic_microsoft_Phi-3.5-mini-instruct_20251220-040738.pt,13,1,agree,2026-05-24 16:37:30
phi3-3b-gsmsymbolic-test,gsm8ksymbolic_microsoft_Phi-3.5-mini-instruct_20251220-041321.pt,48,0,agree,2026-05-24 16:39:10
phi3-3b-mathhendrycks-test,math_microsoft_Phi-3.5-mini-instruct_20251213-003307.pt,2,1,agree,2026-05-24 16:39:10
phi3-3b-matscibench-test,matscibench_microsoft_Phi-3.5-mini-instruct_20251223-095144.pt,8,0,agree,2026-05-24 16:39:10
phi3-3b-matscibench-test,matscibench_microsoft_Phi-3.5-mini-instruct_20251223-095536.pt,23,0,agree,2026-05-24 16:39:10
phi3-3b-matscibench-test,matscibench_microsoft_Phi-3.5-mini-instruct_20251223-100039.pt,13,0,agree,2026-05-24 16:39:10
phi3-3b-matscibench-test,matscibench_microsoft_Phi-3.5-mini-instruct_20251223-100144.pt,17,0,agree,2026-05-24 16:39:10
phi3-3b-olympiadbench-test,olympiadbenchmath_microsoft_Phi-3.5-mini-instruct_20251223-134555.pt,16,0,agree,2026-05-24 16:39:10
phi3-3b-olympiadbench-test,olympiadbenchmath_microsoft_Phi-3.5-mini-instruct_20251223-134634.pt,18,0,agree,2026-05-24 16:39:10
phi3-3b-olympiadbench-test,olympiadbenchmath_microsoft_Phi-3.5-mini-instruct_20251223-134745.pt,14,0,agree,2026-05-24 16:39:10
phi3-3b-olympiadbench-test,olympiadbenchmath_microsoft_Phi-3.5-mini-instruct_20251223-135123.pt,9,1,agree,2026-05-24 16:39:10
phi3-3b-olympiadbench-test,olympiadbenchmath_microsoft_Phi-3.5-mini-instruct_20251223-135345.pt,9,0,agree,2026-05-24 16:39:10
phi3-3b-olympiadbench-test,olympiadbenchmath_microsoft_Phi-3.5-mini-instruct_20251223-140028.pt,5,0,agree,2026-05-24 16:39:10
phi3-3b-olympiadbench-test,olympiadbenchmath_microsoft_Phi-3.5-mini-instruct_20251223-140056.pt,11,0,agree,2026-05-24 16:39:10
phi3-3b-scibench-test,scibench_microsoft_Phi-3.5-mini-instruct_20251213-171815.pt,2,0,agree,2026-05-24 16:39:10
phi3-3b-scibench-test,scibench_microsoft_Phi-3.5-mini-instruct_20251213-172128.pt,0,0,agree,2026-05-24 16:39:10
phi3-3b-scibench-test,scibench_microsoft_Phi-3.5-mini-instruct_20251213-181104.pt,1,0,agree,2026-05-24 16:39:10
phi3-3b-svamp-test,svamp_microsoft_Phi-3.5-mini-instruct_20251218-112548.pt,3,1,agree,2026-05-24 16:39:10
phi3-3b-theoremqa-test,theoremqa_microsoft_Phi-3.5-mini-instruct_20251223-092325.pt,1,0,agree,2026-05-24 16:39:10
phi3-3b-theoremqa-test,theoremqa_microsoft_Phi-3.5-mini-instruct_20251223-092512.pt,7,1,agree,2026-05-24 16:39:10
phi3-3b-theoremqa-test,theoremqa_microsoft_Phi-3.5-mini-instruct_20251223-093118.pt,12,1,agree,2026-05-24 16:39:10
phi3-3b-theoremqa-test,theoremqa_microsoft_Phi-3.5-mini-instruct_20251223-093118.pt,27,1,agree,2026-05-24 16:39:10
phi3-3b-theoremqa-test,theoremqa_microsoft_Phi-3.5-mini-instruct_20251223-093210.pt,12,0,agree,2026-05-24 16:39:10
phi3-3b-theoremqa-test,theoremqa_microsoft_Phi-3.5-mini-instruct_20251223-093229.pt,4,0,agree,2026-05-24 16:39:10
phi3-3b-theoremqa-test,theoremqa_microsoft_Phi-3.5-mini-instruct_20251223-093229.pt,9,1,agree,2026-05-24 16:39:10
qwen3-4b-gpqa-test,gpqa_Qwen_Qwen3-4B-Instruct-2507_20251219-211719.pt,14,0,agree,2026-05-24 16:39:10
qwen3-4b-gpqa-test,gpqa_Qwen_Qwen3-4B-Instruct-2507_20251219-211819.pt,55,0,agree,2026-05-24 16:39:10
qwen3-4b-gpqa-test,gpqa_Qwen_Qwen3-4B-Instruct-2507_20251219-211819.pt,19,0,agree,2026-05-24 16:39:10
qwen3-4b-gpqa-test,gpqa_Qwen_Qwen3-4B-Instruct-2507_20251219-211918.pt,47,0,agree,2026-05-24 16:39:10
qwen3-4b-gpqa-test,gpqa_Qwen_Qwen3-4B-Instruct-2507_20251219-212110.pt,54,0,agree,2026-05-24 16:39:10
qwen3-4b-gpqa-test,gpqa_Qwen_Qwen3-4B-Instruct-2507_20251219-212208.pt,8,0,agree,2026-05-24 16:39:10
qwen3-4b-gpqa-test,gpqa_Qwen_Qwen3-4B-Instruct-2507_20251219-212306.pt,6,1,agree,2026-05-24 16:39:10
qwen3-4b-gsm-test,gsm8k_Qwen_Qwen3-4B-Instruct-2507_20251219-174858.pt,50,1,agree,2026-05-24 16:39:10
qwen3-4b-gsm-test,gsm8k_Qwen_Qwen3-4B-Instruct-2507_20251219-175000.pt,52,0,agree,2026-05-24 16:39:10
qwen3-4b-gsm-test,gsm8k_Qwen_Qwen3-4B-Instruct-2507_20251219-175032.pt,62,1,agree,2026-05-24 16:39:10
qwen3-4b-gsm-test,gsm8k_Qwen_Qwen3-4B-Instruct-2507_20251219-175238.pt,37,1,agree,2026-05-24 16:39:10
qwen3-4b-gsm-test,gsm8k_Qwen_Qwen3-4B-Instruct-2507_20251219-175305.pt,3,1,agree,2026-05-24 16:39:10
qwen3-4b-gsm-test,gsm8k_Qwen_Qwen3-4B-Instruct-2507_20251219-175305.pt,49,1,agree,2026-05-24 16:39:10
qwen3-4b-gsm-test,gsm8k_Qwen_Qwen3-4B-Instruct-2507_20251219-175349.pt,63,1,agree,2026-05-24 16:39:10
qwen3-4b-gsm-test,gsm8k_Qwen_Qwen3-4B-Instruct-2507_20251219-175410.pt,18,1,agree,2026-05-24 16:39:10
qwen3-4b-gsm-test,gsm8k_Qwen_Qwen3-4B-Instruct-2507_20251219-175619.pt,35,1,agree,2026-05-24 16:39:10
qwen3-4b-gsm-test,gsm8k_Qwen_Qwen3-4B-Instruct-2507_20251219-175809.pt,32,1,agree,2026-05-24 16:39:10
qwen3-4b-gsmsymbolic-test,gsm8ksymbolic_Qwen_Qwen3-4B-Instruct-2507_20251220-220953.pt,13,1,agree,2026-05-24 16:39:10
qwen3-4b-gsmsymbolic-test,gsm8ksymbolic_Qwen_Qwen3-4B-Instruct-2507_20251220-222056.pt,10,1,agree,2026-05-24 16:39:10
qwen3-4b-gsmsymbolic-test,gsm8ksymbolic_Qwen_Qwen3-4B-Instruct-2507_20251220-222245.pt,0,1,agree,2026-05-24 16:39:10
qwen3-4b-gsmsymbolic-test,gsm8ksymbolic_Qwen_Qwen3-4B-Instruct-2507_20251220-222449.pt,23,0,agree,2026-05-24 16:39:10
qwen3-4b-gsmsymbolic-test,gsm8ksymbolic_Qwen_Qwen3-4B-Instruct-2507_20251220-222919.pt,7,1,agree,2026-05-24 16:39:10
qwen3-4b-gsmsymbolic-test,gsm8ksymbolic_Qwen_Qwen3-4B-Instruct-2507_20251220-223529.pt,27,1,agree,2026-05-24 16:39:10
qwen3-4b-gsmsymbolic-test,gsm8ksymbolic_Qwen_Qwen3-4B-Instruct-2507_20251220-223549.pt,20,1,agree,2026-05-24 16:39:10
qwen3-4b-gsmsymbolic-test,gsm8ksymbolic_Qwen_Qwen3-4B-Instruct-2507_20251220-223610.pt,5,1,agree,2026-05-24 16:39:10
qwen3-4b-gsmsymbolic-test,gsm8ksymbolic_Qwen_Qwen3-4B-Instruct-2507_20251220-223851.pt,11,1,agree,2026-05-24 16:39:10
qwen3-4b-gsmsymbolic-test,gsm8ksymbolic_Qwen_Qwen3-4B-Instruct-2507_20251220-224125.pt,11,1,agree,2026-05-24 16:39:10
qwen3-4b-gsmsymbolic-test,gsm8ksymbolic_Qwen_Qwen3-4B-Instruct-2507_20251220-224156.pt,12,0,agree,2026-05-24 16:39:10
qwen3-4b-gsmsymbolic-test,gsm8ksymbolic_Qwen_Qwen3-4B-Instruct-2507_20251220-224936.pt,10,0,agree,2026-05-24 16:39:10
qwen3-4b-gsmsymbolic-test,gsm8ksymbolic_Qwen_Qwen3-4B-Instruct-2507_20251220-224936.pt,23,1,agree,2026-05-24 16:39:10
qwen3-4b-gsmsymbolic-test,gsm8ksymbolic_Qwen_Qwen3-4B-Instruct-2507_20251220-225038.pt,7,1,agree,2026-05-24 16:39:10
qwen3-4b-gsmsymbolic-test,gsm8ksymbolic_Qwen_Qwen3-4B-Instruct-2507_20251220-225315.pt,1,1,agree,2026-05-24 16:39:10
qwen3-4b-gsmsymbolic-test,gsm8ksymbolic_Qwen_Qwen3-4B-Instruct-2507_20251220-225420.pt,28,1,agree,2026-05-24 16:39:10
qwen3-4b-gsmsymbolic-test,gsm8ksymbolic_Qwen_Qwen3-4B-Instruct-2507_20251220-225529.pt,27,0,agree,2026-05-24 16:39:10
qwen3-4b-gsmsymbolic-test,gsm8ksymbolic_Qwen_Qwen3-4B-Instruct-2507_20251220-225529.pt,20,1,agree,2026-05-24 16:39:10
qwen3-4b-gsmsymbolic-test,gsm8ksymbolic_Qwen_Qwen3-4B-Instruct-2507_20251220-225529.pt,1,1,agree,2026-05-24 16:39:10
qwen3-4b-gsmsymbolic-test,gsm8ksymbolic_Qwen_Qwen3-4B-Instruct-2507_20251220-225612.pt,8,0,agree,2026-05-24 16:39:10
qwen3-4b-gsmsymbolic-test,gsm8ksymbolic_Qwen_Qwen3-4B-Instruct-2507_20251220-225612.pt,0,1,agree,2026-05-24 16:39:10
qwen3-4b-gsmsymbolic-test,gsm8ksymbolic_Qwen_Qwen3-4B-Instruct-2507_20251220-225746.pt,23,1,agree,2026-05-24 16:39:10
qwen3-4b-gsmsymbolic-test,gsm8ksymbolic_Qwen_Qwen3-4B-Instruct-2507_20251220-225848.pt,6,1,agree,2026-05-24 16:39:10
qwen3-4b-gsmsymbolic-test,gsm8ksymbolic_Qwen_Qwen3-4B-Instruct-2507_20251220-230040.pt,19,1,agree,2026-05-24 16:39:10
qwen3-4b-gsmsymbolic-test,gsm8ksymbolic_Qwen_Qwen3-4B-Instruct-2507_20251220-230151.pt,10,0,agree,2026-05-24 16:39:10
qwen3-4b-gsmsymbolic-test,gsm8ksymbolic_Qwen_Qwen3-4B-Instruct-2507_20251220-230239.pt,25,1,agree,2026-05-24 16:39:10
qwen3-4b-gsmsymbolic-test,gsm8ksymbolic_Qwen_Qwen3-4B-Instruct-2507_20251220-230342.pt,6,1,agree,2026-05-24 16:39:10
qwen3-4b-gsmsymbolic-test,gsm8ksymbolic_Qwen_Qwen3-4B-Instruct-2507_20251220-230437.pt,11,1,agree,2026-05-24 16:39:10
qwen3-4b-gsmsymbolic-test,gsm8ksymbolic_Qwen_Qwen3-4B-Instruct-2507_20251220-230539.pt,25,1,agree,2026-05-24 16:39:10
qwen3-4b-gsmsymbolic-test,gsm8ksymbolic_Qwen_Qwen3-4B-Instruct-2507_20251220-230539.pt,18,1,agree,2026-05-24 16:39:10
qwen3-4b-gsmsymbolic-test,gsm8ksymbolic_Qwen_Qwen3-4B-Instruct-2507_20251220-230801.pt,18,0,agree,2026-05-24 16:39:10
qwen3-4b-gsmsymbolic-test,gsm8ksymbolic_Qwen_Qwen3-4B-Instruct-2507_20251220-231043.pt,19,1,agree,2026-05-24 16:39:10
qwen3-4b-gsmsymbolic-test,gsm8ksymbolic_Qwen_Qwen3-4B-Instruct-2507_20251220-231128.pt,22,0,agree,2026-05-24 16:39:10
qwen3-4b-gsmsymbolic-test,gsm8ksymbolic_Qwen_Qwen3-4B-Instruct-2507_20251220-231325.pt,18,1,agree,2026-05-24 16:39:10
qwen3-4b-gsmsymbolic-test,gsm8ksymbolic_Qwen_Qwen3-4B-Instruct-2507_20251220-231425.pt,15,1,agree,2026-05-24 16:39:10
qwen3-4b-gsmsymbolic-test,gsm8ksymbolic_Qwen_Qwen3-4B-Instruct-2507_20251220-231713.pt,4,1,agree,2026-05-24 16:39:10
qwen3-4b-mathhendrycks-test,mathhendrycks_Qwen_Qwen3-4B-Instruct-2507_20251219-184716.pt,42,1,agree,2026-05-24 16:39:10
qwen3-4b-mathhendrycks-test,mathhendrycks_Qwen_Qwen3-4B-Instruct-2507_20251219-184845.pt,10,1,agree,2026-05-24 16:39:10
qwen3-4b-mathhendrycks-test,mathhendrycks_Qwen_Qwen3-4B-Instruct-2507_20251219-185014.pt,56,1,agree,2026-05-24 16:39:10
qwen3-4b-mathhendrycks-test,mathhendrycks_Qwen_Qwen3-4B-Instruct-2507_20251219-185223.pt,3,1,agree,2026-05-24 16:39:10
qwen3-4b-matscibench-test,matscibench_Qwen_Qwen3-4B-Instruct-2507_20251224-020036.pt,17,0,agree,2026-05-24 16:39:10
qwen3-4b-matscibench-test,matscibench_Qwen_Qwen3-4B-Instruct-2507_20251224-020754.pt,22,0,agree,2026-05-24 16:39:10
qwen3-4b-matscibench-test,matscibench_Qwen_Qwen3-4B-Instruct-2507_20251224-021007.pt,10,0,agree,2026-05-24 16:39:10
qwen3-4b-matscibench-test,matscibench_Qwen_Qwen3-4B-Instruct-2507_20251224-021007.pt,13,0,agree,2026-05-24 16:39:10
qwen3-4b-olympiadbench-test,olympiadbench_Qwen_Qwen3-4B-Instruct-2507_20251224-004849.pt,8,0,agree,2026-05-24 16:39:10
qwen3-4b-olympiadbench-test,olympiadbench_Qwen_Qwen3-4B-Instruct-2507_20251224-005819.pt,9,1,agree,2026-05-24 16:39:10
qwen3-4b-olympiadbench-test,olympiadbench_Qwen_Qwen3-4B-Instruct-2507_20251224-005819.pt,12,0,agree,2026-05-24 16:39:10
qwen3-4b-olympiadbench-test,olympiadbench_Qwen_Qwen3-4B-Instruct-2507_20251224-010129.pt,14,0,agree,2026-05-24 16:39:10
qwen3-4b-olympiadbench-test,olympiadbench_Qwen_Qwen3-4B-Instruct-2507_20251224-010129.pt,31,0,agree,2026-05-24 16:39:10
qwen3-4b-olympiadbench-test,olympiadbench_Qwen_Qwen3-4B-Instruct-2507_20251224-010218.pt,18,0,agree,2026-05-24 16:39:10
qwen3-4b-olympiadbench-test,olympiadbench_Qwen_Qwen3-4B-Instruct-2507_20251224-010530.pt,20,0,agree,2026-05-24 16:39:10
qwen3-4b-olympiadbench-test,olympiadbench_Qwen_Qwen3-4B-Instruct-2507_20251224-012346.pt,20,1,agree,2026-05-24 16:39:10
qwen3-4b-olympiadbench-test,olympiadbench_Qwen_Qwen3-4B-Instruct-2507_20251224-012751.pt,7,0,agree,2026-05-24 16:39:10
qwen3-4b-olympiadbench-test,olympiadbench_Qwen_Qwen3-4B-Instruct-2507_20251224-012751.pt,28,1,agree,2026-05-24 16:39:10
qwen3-4b-olympiadbench-test,olympiadbench_Qwen_Qwen3-4B-Instruct-2507_20251224-012840.pt,9,0,agree,2026-05-24 16:39:10
qwen3-4b-olympiadbench-test,olympiadbench_Qwen_Qwen3-4B-Instruct-2507_20251224-012840.pt,17,0,agree,2026-05-24 16:39:10
qwen3-4b-olympiadbench-test,olympiadbench_Qwen_Qwen3-4B-Instruct-2507_20251224-013156.pt,12,0,agree,2026-05-24 16:39:10
qwen3-4b-scibench-test,scibench_Qwen_Qwen3-4B-Instruct-2507_20251219-212631.pt,19,0,agree,2026-05-24 16:39:10
qwen3-4b-scibench-test,scibench_Qwen_Qwen3-4B-Instruct-2507_20251219-212945.pt,12,0,agree,2026-05-24 16:39:10
ministral3-8b-olympiadbench-test,olympiadbench_mistralai_Ministral-3-8B-Instruct-2512_20251224-024509.pt,4,1,agree,2026-05-24 16:41:48
ministral3-8b-olympiadbench-test,olympiadbench_mistralai_Ministral-3-8B-Instruct-2512_20251224-024509.pt,26,0,agree,2026-05-24 16:41:48
ministral3-8b-olympiadbench-test,olympiadbench_mistralai_Ministral-3-8B-Instruct-2512_20251224-024647.pt,25,1,agree,2026-05-24 16:41:48
ministral3-8b-olympiadbench-test,olympiadbench_mistralai_Ministral-3-8B-Instruct-2512_20251224-024735.pt,27,1,agree,2026-05-24 16:41:48
ministral3-8b-olympiadbench-test,olympiadbench_mistralai_Ministral-3-8B-Instruct-2512_20251224-025003.pt,14,0,agree,2026-05-24 16:41:48
ministral3-8b-olympiadbench-test,olympiadbench_mistralai_Ministral-3-8B-Instruct-2512_20251224-025230.pt,4,0,agree,2026-05-24 16:41:48
ministral3-8b-olympiadbench-test,olympiadbench_mistralai_Ministral-3-8B-Instruct-2512_20251224-025230.pt,2,0,agree,2026-05-24 16:41:48
ministral3-8b-olympiadbench-test,olympiadbench_mistralai_Ministral-3-8B-Instruct-2512_20251224-025319.pt,1,0,agree,2026-05-24 16:41:48
ministral3-8b-olympiadbench-test,olympiadbench_mistralai_Ministral-3-8B-Instruct-2512_20251224-025319.pt,3,0,agree,2026-05-24 16:41:48
ministral3-8b-olympiadbench-test,olympiadbench_mistralai_Ministral-3-8B-Instruct-2512_20251224-025547.pt,29,0,agree,2026-05-24 16:41:48
ministral3-8b-scibench-test,scibench_mistralai_Ministral-3-8B-Instruct-2512_20251216-095102.pt,0,1,agree,2026-05-24 16:41:48
ministral3-8b-scibench-test,scibench_mistralai_Ministral-3-8B-Instruct-2512_20251216-110334.pt,2,1,agree,2026-05-24 16:41:48
ministral3-8b-scibench-test,scibench_mistralai_Ministral-3-8B-Instruct-2512_20251216-114011.pt,3,1,agree,2026-05-24 16:41:48
ministral3-8b-scibench-test,scibench_mistralai_Ministral-3-8B-Instruct-2512_20251216-115034.pt,1,0,agree,2026-05-24 16:41:48
ministral3-8b-scibench-test,scibench_mistralai_Ministral-3-8B-Instruct-2512_20251216-115135.pt,4,1,agree,2026-05-24 16:41:48
ministral3-8b-svamp-test,svamp_mistralai_Ministral-3-8B-Instruct-2512_20251219-132831.pt,9,1,agree,2026-05-24 16:41:48
ministral3-8b-svamp-test,svamp_mistralai_Ministral-3-8B-Instruct-2512_20251219-133019.pt,19,1,agree,2026-05-24 16:41:48
ministral3-8b-theoremqa-test,theoremqa_mistralai_Ministral-3-8B-Instruct-2512_20251224-025748.pt,15,1,agree,2026-05-24 16:41:48
ministral3-8b-theoremqa-test,theoremqa_mistralai_Ministral-3-8B-Instruct-2512_20251224-025830.pt,9,1,agree,2026-05-24 16:41:48
ministral3-8b-theoremqa-test,theoremqa_mistralai_Ministral-3-8B-Instruct-2512_20251224-025908.pt,30,1,agree,2026-05-24 16:41:48
ministral3-8b-theoremqa-test,theoremqa_mistralai_Ministral-3-8B-Instruct-2512_20251224-025908.pt,10,0,agree,2026-05-24 16:41:48
ministral3-8b-theoremqa-test,theoremqa_mistralai_Ministral-3-8B-Instruct-2512_20251224-030713.pt,2,1,agree,2026-05-24 16:41:48
ministral3-8b-theoremqa-test,theoremqa_mistralai_Ministral-3-8B-Instruct-2512_20251224-031035.pt,0,0,agree,2026-05-24 16:41:48
ministral3-8b-theoremqa-test,theoremqa_mistralai_Ministral-3-8B-Instruct-2512_20251224-031156.pt,19,0,agree,2026-05-24 16:41:48
ministral3-8b-theoremqa-test,theoremqa_mistralai_Ministral-3-8B-Instruct-2512_20251224-031230.pt,5,0,agree,2026-05-24 16:41:48
oss-20b-gpqa-test,gpqa_openai_gpt-oss-20b_20251219-173313.pt,50,1,agree,2026-05-24 16:41:48
oss-20b-gpqa-test,gpqa_openai_gpt-oss-20b_20251219-173313.pt,24,0,agree,2026-05-24 16:41:48
oss-20b-gpqa-test,gpqa_openai_gpt-oss-20b_20251219-173408.pt,5,1,agree,2026-05-24 16:41:48
oss-20b-gpqa-test,gpqa_openai_gpt-oss-20b_20251219-173504.pt,1,0,agree,2026-05-24 16:41:48
oss-20b-gpqa-test,gpqa_openai_gpt-oss-20b_20251219-173601.pt,33,0,agree,2026-05-24 16:41:48
oss-20b-gpqa-test,gpqa_openai_gpt-oss-20b_20251219-173601.pt,11,0,agree,2026-05-24 16:41:48
oss-20b-gpqa-test,gpqa_openai_gpt-oss-20b_20251219-173657.pt,53,0,agree,2026-05-24 16:41:48
oss-20b-gpqa-test,gpqa_openai_gpt-oss-20b_20251219-173753.pt,14,0,agree,2026-05-24 16:41:48
oss-20b-gsm-test,gsm8k_openai_gpt-oss-20b_20251219-133848.pt,6,1,agree,2026-05-24 16:41:48
oss-20b-gsm-test,gsm8k_openai_gpt-oss-20b_20251219-133958.pt,25,1,agree,2026-05-24 16:41:48
oss-20b-gsm-test,gsm8k_openai_gpt-oss-20b_20251219-134243.pt,21,1,agree,2026-05-24 16:41:48
oss-20b-gsm-test,gsm8k_openai_gpt-oss-20b_20251219-134346.pt,7,1,agree,2026-05-24 16:41:48
oss-20b-gsm-test,gsm8k_openai_gpt-oss-20b_20251219-134408.pt,62,1,agree,2026-05-24 16:41:48
oss-20b-gsm-test,gsm8k_openai_gpt-oss-20b_20251219-134408.pt,44,1,agree,2026-05-24 16:41:48
oss-20b-gsm-test,gsm8k_openai_gpt-oss-20b_20251219-134603.pt,16,1,agree,2026-05-24 16:41:48
oss-20b-gsm-test,gsm8k_openai_gpt-oss-20b_20251219-134603.pt,31,1,agree,2026-05-24 16:41:48
oss-20b-gsm-test,gsm8k_openai_gpt-oss-20b_20251219-134637.pt,26,1,agree,2026-05-24 16:41:48
oss-20b-gsm-test,gsm8k_openai_gpt-oss-20b_20251219-134709.pt,29,1,agree,2026-05-24 16:41:48
oss-20b-gsm-test,gsm8k_openai_gpt-oss-20b_20251219-134814.pt,2,1,agree,2026-05-24 16:41:48
oss-20b-gsm-test,gsm8k_openai_gpt-oss-20b_20251219-134814.pt,62,1,agree,2026-05-24 16:41:48
oss-20b-gsm-test,gsm8k_openai_gpt-oss-20b_20251219-134947.pt,43,1,agree,2026-05-24 16:41:48
oss-20b-gsm-test,gsm8k_openai_gpt-oss-20b_20251219-134947.pt,18,1,agree,2026-05-24 16:41:48
oss-20b-gsm-test,gsm8k_openai_gpt-oss-20b_20251219-135019.pt,32,1,agree,2026-05-24 16:41:48
oss-20b-gsmsymbolic-test,gsm8ksymbolic_openai_gpt-oss-20b_20251221-094703.pt,2,1,agree,2026-05-24 16:41:48
oss-20b-gsmsymbolic-test,gsm8ksymbolic_openai_gpt-oss-20b_20251221-094839.pt,27,1,agree,2026-05-24 16:41:48
oss-20b-gsmsymbolic-test,gsm8ksymbolic_openai_gpt-oss-20b_20251221-094944.pt,28,1,agree,2026-05-24 16:41:55
oss-20b-gsmsymbolic-test,gsm8ksymbolic_openai_gpt-oss-20b_20251221-095047.pt,1,1,agree,2026-05-24 16:41:55
oss-20b-gsmsymbolic-test,gsm8ksymbolic_openai_gpt-oss-20b_20251221-095047.pt,9,1,agree,2026-05-24 16:41:55
oss-20b-gsmsymbolic-test,gsm8ksymbolic_openai_gpt-oss-20b_20251221-095118.pt,19,0,agree,2026-05-24 16:41:55
oss-20b-gsmsymbolic-test,gsm8ksymbolic_openai_gpt-oss-20b_20251221-095258.pt,1,1,agree,2026-05-24 16:41:55
oss-20b-gsmsymbolic-test,gsm8ksymbolic_openai_gpt-oss-20b_20251221-095516.pt,25,1,agree,2026-05-24 16:41:55
oss-20b-gsmsymbolic-test,gsm8ksymbolic_openai_gpt-oss-20b_20251221-095620.pt,20,1,agree,2026-05-24 16:41:55
oss-20b-gsmsymbolic-test,gsm8ksymbolic_openai_gpt-oss-20b_20251221-095620.pt,19,1,agree,2026-05-24 16:41:55
oss-20b-gsmsymbolic-test,gsm8ksymbolic_openai_gpt-oss-20b_20251221-095734.pt,15,1,agree,2026-05-24 16:41:55
oss-20b-gsmsymbolic-test,gsm8ksymbolic_openai_gpt-oss-20b_20251221-100051.pt,14,1,agree,2026-05-24 16:41:55
oss-20b-gsmsymbolic-test,gsm8ksymbolic_openai_gpt-oss-20b_20251221-100051.pt,31,1,agree,2026-05-24 16:41:55
oss-20b-gsmsymbolic-test,gsm8ksymbolic_openai_gpt-oss-20b_20251221-100123.pt,25,1,agree,2026-05-24 16:41:55
oss-20b-gsmsymbolic-test,gsm8ksymbolic_openai_gpt-oss-20b_20251221-100636.pt,31,0,agree,2026-05-24 16:41:55
oss-20b-gsmsymbolic-test,gsm8ksymbolic_openai_gpt-oss-20b_20251221-100705.pt,19,1,agree,2026-05-24 16:41:55
oss-20b-gsmsymbolic-test,gsm8ksymbolic_openai_gpt-oss-20b_20251221-101224.pt,3,1,agree,2026-05-24 16:41:55
oss-20b-gsmsymbolic-test,gsm8ksymbolic_openai_gpt-oss-20b_20251221-101256.pt,2,0,agree,2026-05-24 16:41:55
oss-20b-gsmsymbolic-test,gsm8ksymbolic_openai_gpt-oss-20b_20251221-101438.pt,22,1,agree,2026-05-24 16:41:55
oss-20b-gsmsymbolic-test,gsm8ksymbolic_openai_gpt-oss-20b_20251221-101541.pt,10,0,agree,2026-05-24 16:41:55
oss-20b-gsmsymbolic-test,gsm8ksymbolic_openai_gpt-oss-20b_20251221-101845.pt,25,1,agree,2026-05-24 16:41:55
oss-20b-gsmsymbolic-test,gsm8ksymbolic_openai_gpt-oss-20b_20251221-102102.pt,30,1,agree,2026-05-24 16:41:55
oss-20b-gsmsymbolic-test,gsm8ksymbolic_openai_gpt-oss-20b_20251221-102211.pt,19,1,agree,2026-05-24 16:41:55
oss-20b-gsmsymbolic-test,gsm8ksymbolic_openai_gpt-oss-20b_20251221-102211.pt,8,1,agree,2026-05-24 16:41:55
oss-20b-gsmsymbolic-test,gsm8ksymbolic_openai_gpt-oss-20b_20251221-102423.pt,17,1,agree,2026-05-24 16:41:55
oss-20b-gsmsymbolic-test,gsm8ksymbolic_openai_gpt-oss-20b_20251221-102524.pt,28,1,agree,2026-05-24 16:41:55
oss-20b-gsmsymbolic-test,gsm8ksymbolic_openai_gpt-oss-20b_20251221-102852.pt,0,1,agree,2026-05-24 16:41:55
oss-20b-gsmsymbolic-test,gsm8ksymbolic_openai_gpt-oss-20b_20251221-102922.pt,1,1,agree,2026-05-24 16:41:55
oss-20b-gsmsymbolic-test,gsm8ksymbolic_openai_gpt-oss-20b_20251221-103140.pt,0,0,agree,2026-05-24 16:41:55
oss-20b-gsmsymbolic-test,gsm8ksymbolic_openai_gpt-oss-20b_20251221-103140.pt,31,1,agree,2026-05-24 16:41:55
oss-20b-gsmsymbolic-test,gsm8ksymbolic_openai_gpt-oss-20b_20251221-103211.pt,31,0,agree,2026-05-24 16:41:55
oss-20b-gsmsymbolic-test,gsm8ksymbolic_openai_gpt-oss-20b_20251221-103241.pt,30,1,agree,2026-05-24 16:41:55
oss-20b-gsmsymbolic-test,gsm8ksymbolic_openai_gpt-oss-20b_20251221-103353.pt,28,1,agree,2026-05-24 16:41:55
oss-20b-gsmsymbolic-test,gsm8ksymbolic_openai_gpt-oss-20b_20251221-103606.pt,11,1,agree,2026-05-24 16:41:55
oss-20b-gsmsymbolic-test,gsm8ksymbolic_openai_gpt-oss-20b_20251221-103639.pt,15,1,agree,2026-05-24 16:41:55
oss-20b-gsmsymbolic-test,gsm8ksymbolic_openai_gpt-oss-20b_20251221-103639.pt,1,1,agree,2026-05-24 16:41:55
oss-20b-gsmsymbolic-test,gsm8ksymbolic_openai_gpt-oss-20b_20251221-103856.pt,20,1,agree,2026-05-24 16:41:55
oss-20b-gsmsymbolic-test,gsm8ksymbolic_openai_gpt-oss-20b_20251221-103929.pt,15,1,agree,2026-05-24 16:41:55
oss-20b-gsmsymbolic-test,gsm8ksymbolic_openai_gpt-oss-20b_20251221-103929.pt,8,1,agree,2026-05-24 16:41:55
oss-20b-gsmsymbolic-test,gsm8ksymbolic_openai_gpt-oss-20b_20251221-104002.pt,24,1,agree,2026-05-24 16:41:55
oss-20b-gsmsymbolic-test,gsm8ksymbolic_openai_gpt-oss-20b_20251221-104222.pt,7,1,agree,2026-05-24 16:41:55
oss-20b-gsmsymbolic-test,gsm8ksymbolic_openai_gpt-oss-20b_20251221-104359.pt,15,1,agree,2026-05-24 16:41:55
oss-20b-gsmsymbolic-test,gsm8ksymbolic_openai_gpt-oss-20b_20251221-104641.pt,16,1,agree,2026-05-24 16:41:55
oss-20b-gsmsymbolic-test,gsm8ksymbolic_openai_gpt-oss-20b_20251221-104713.pt,30,1,agree,2026-05-24 16:41:55
oss-20b-gsmsymbolic-test,gsm8ksymbolic_openai_gpt-oss-20b_20251221-104713.pt,2,1,agree,2026-05-24 16:41:55
oss-20b-gsmsymbolic-test,gsm8ksymbolic_openai_gpt-oss-20b_20251221-104842.pt,5,1,agree,2026-05-24 16:41:55
oss-20b-gsmsymbolic-test,gsm8ksymbolic_openai_gpt-oss-20b_20251221-105049.pt,21,1,agree,2026-05-24 16:41:55
oss-20b-gsmsymbolic-test,gsm8ksymbolic_openai_gpt-oss-20b_20251221-105229.pt,5,1,agree,2026-05-24 16:41:55
oss-20b-gsmsymbolic-test,gsm8ksymbolic_openai_gpt-oss-20b_20251221-105256.pt,16,1,agree,2026-05-24 16:41:55
oss-20b-gsmsymbolic-test,gsm8ksymbolic_openai_gpt-oss-20b_20251221-105256.pt,30,1,agree,2026-05-24 16:41:55
oss-20b-gsmsymbolic-test,gsm8ksymbolic_openai_gpt-oss-20b_20251221-105648.pt,17,1,agree,2026-05-24 16:41:55
oss-20b-gsmsymbolic-test,gsm8ksymbolic_openai_gpt-oss-20b_20251221-110237.pt,18,1,agree,2026-05-24 16:41:55
oss-20b-gsmsymbolic-test,gsm8ksymbolic_openai_gpt-oss-20b_20251221-110624.pt,21,1,agree,2026-05-24 16:42:20
oss-20b-gsmsymbolic-test,gsm8ksymbolic_openai_gpt-oss-20b_20251221-110830.pt,18,1,agree,2026-05-24 16:42:20
oss-20b-gsmsymbolic-test,gsm8ksymbolic_openai_gpt-oss-20b_20251221-111011.pt,18,1,agree,2026-05-24 16:42:20
oss-20b-livemathbench-test,livemathbench_openai_gpt-oss-20b_20251221-111323.pt,12,0,agree,2026-05-24 16:42:20
oss-20b-mathhendrycks-test,mathhendrycks_openai_gpt-oss-20b_20251219-145132.pt,10,1,agree,2026-05-24 16:42:20
oss-20b-mathhendrycks-test,mathhendrycks_openai_gpt-oss-20b_20251219-145350.pt,59,0,agree,2026-05-24 16:42:20
oss-20b-mathhendrycks-test,mathhendrycks_openai_gpt-oss-20b_20251219-145434.pt,25,1,agree,2026-05-24 16:42:20
oss-20b-mathhendrycks-test,mathhendrycks_openai_gpt-oss-20b_20251219-145434.pt,13,1,agree,2026-05-24 16:42:20
oss-20b-mathhendrycks-test,mathhendrycks_openai_gpt-oss-20b_20251219-145604.pt,36,1,agree,2026-05-24 16:42:20
oss-20b-matscibench-test,matscibench_openai_gpt-oss-20b_20251224-090004.pt,4,1,agree,2026-05-24 16:42:20
oss-20b-matscibench-test,matscibench_openai_gpt-oss-20b_20251224-090050.pt,20,0,agree,2026-05-24 16:42:20
oss-20b-matscibench-test,matscibench_openai_gpt-oss-20b_20251224-090359.pt,25,0,agree,2026-05-24 16:42:20
oss-20b-matscibench-test,matscibench_openai_gpt-oss-20b_20251224-090619.pt,24,1,agree,2026-05-24 16:42:20
oss-20b-matscibench-test,matscibench_openai_gpt-oss-20b_20251224-090705.pt,1,0,agree,2026-05-24 16:42:20
oss-20b-matscibench-test,matscibench_openai_gpt-oss-20b_20251224-090752.pt,24,0,agree,2026-05-24 16:42:20
oss-20b-matscibench-test,matscibench_openai_gpt-oss-20b_20251224-090924.pt,16,1,agree,2026-05-24 16:42:20
oss-20b-matscibench-test,matscibench_openai_gpt-oss-20b_20251224-091312.pt,10,0,agree,2026-05-24 16:42:20
oss-20b-matscibench-test,matscibench_openai_gpt-oss-20b_20251224-092007.pt,9,0,agree,2026-05-24 16:42:20
oss-20b-olympiadbench-test,olympiadbench_openai_gpt-oss-20b_20251224-082345.pt,5,0,agree,2026-05-24 16:42:20
oss-20b-olympiadbench-test,olympiadbench_openai_gpt-oss-20b_20251224-082610.pt,18,1,agree,2026-05-24 16:42:20
oss-20b-olympiadbench-test,olympiadbench_openai_gpt-oss-20b_20251224-083416.pt,18,0,agree,2026-05-24 16:42:20
oss-20b-olympiadbench-test,olympiadbench_openai_gpt-oss-20b_20251224-084043.pt,23,0,agree,2026-05-24 16:42:20
oss-20b-olympiadbench-test,olympiadbench_openai_gpt-oss-20b_20251224-084043.pt,2,1,agree,2026-05-24 16:42:20
oss-20b-olympiadbench-test,olympiadbench_openai_gpt-oss-20b_20251224-084359.pt,26,1,agree,2026-05-24 16:42:20
oss-20b-olympiadbench-test,olympiadbench_openai_gpt-oss-20b_20251224-085025.pt,21,1,agree,2026-05-24 16:42:20
oss-20b-olympiadbench-test,olympiadbench_openai_gpt-oss-20b_20251224-085115.pt,14,1,agree,2026-05-24 16:42:20
oss-20b-olympiadbench-test,olympiadbench_openai_gpt-oss-20b_20251224-085429.pt,18,0,agree,2026-05-24 16:42:20
oss-20b-olympiadbench-test,olympiadbench_openai_gpt-oss-20b_20251224-085745.pt,24,0,agree,2026-05-24 16:42:20
oss-20b-olympiadbench-test,olympiadbench_openai_gpt-oss-20b_20251224-085833.pt,10,0,agree,2026-05-24 16:42:20
oss-20b-scibench-test,scibench_openai_gpt-oss-20b_20251219-173929.pt,49,1,agree,2026-05-24 16:42:20
oss-20b-scibench-test,scibench_openai_gpt-oss-20b_20251219-174021.pt,63,0,agree,2026-05-24 16:42:20
oss-20b-scibench-test,scibench_openai_gpt-oss-20b_20251219-174021.pt,12,0,agree,2026-05-24 16:42:20
oss-20b-scibench-test,scibench_openai_gpt-oss-20b_20251219-174253.pt,16,1,agree,2026-05-24 16:42:20
oss-20b-scibench-test,scibench_openai_gpt-oss-20b_20251219-174344.pt,30,0,agree,2026-05-24 16:42:20
oss-20b-scibench-test,scibench_openai_gpt-oss-20b_20251219-174526.pt,32,1,agree,2026-05-24 16:42:20
oss-20b-scibench-test,scibench_openai_gpt-oss-20b_20251219-174711.pt,63,0,agree,2026-05-24 16:42:20
oss-20b-scibench-test,scibench_openai_gpt-oss-20b_20251219-174801.pt,11,0,agree,2026-05-24 16:42:20
oss-20b-svamp-test,svamp_openai_gpt-oss-20b_20251219-172729.pt,50,1,agree,2026-05-24 16:42:20
oss-20b-theoremqa-test,theoremqa_openai_gpt-oss-20b_20251224-080628.pt,23,1,agree,2026-05-24 16:42:20
oss-20b-theoremqa-test,theoremqa_openai_gpt-oss-20b_20251224-080712.pt,1,0,agree,2026-05-24 16:42:20
oss-20b-theoremqa-test,theoremqa_openai_gpt-oss-20b_20251224-080712.pt,20,0,agree,2026-05-24 16:42:20
oss-20b-theoremqa-test,theoremqa_openai_gpt-oss-20b_20251224-080930.pt,0,1,agree,2026-05-24 16:42:20
oss-20b-theoremqa-test,theoremqa_openai_gpt-oss-20b_20251224-081228.pt,14,0,agree,2026-05-24 16:42:20
oss-20b-theoremqa-test,theoremqa_openai_gpt-oss-20b_20251224-081446.pt,4,1,agree,2026-05-24 16:42:20
oss-20b-theoremqa-test,theoremqa_openai_gpt-oss-20b_20251224-081533.pt,21,0,agree,2026-05-24 16:42:20
oss-20b-theoremqa-test,theoremqa_openai_gpt-oss-20b_20251224-081619.pt,30,0,agree,2026-05-24 16:42:20
oss-20b-theoremqa-test,theoremqa_openai_gpt-oss-20b_20251224-081749.pt,29,0,agree,2026-05-24 16:42:20
oss-20b-theoremqa-test,theoremqa_openai_gpt-oss-20b_20251224-082049.pt,5,1,agree,2026-05-24 16:42:20
phi3-3b-gpqa-test,gpqa_microsoft_Phi-3.5-mini-instruct_20251213-154328.pt,1,0,agree,2026-05-24 16:42:20
phi3-3b-gpqa-test,gpqa_microsoft_Phi-3.5-mini-instruct_20251213-154747.pt,0,0,agree,2026-05-24 16:42:20
phi3-3b-gsm-test,gsm8k_microsoft_Phi-3.5-mini-instruct_20251212-191648.pt,2,1,agree,2026-05-24 16:47:42
phi3-3b-gsm-test,gsm8k_microsoft_Phi-3.5-mini-instruct_20251212-192154.pt,2,1,agree,2026-05-24 16:47:42
phi3-3b-gsm-test,gsm8k_microsoft_Phi-3.5-mini-instruct_20251212-192414.pt,1,1,agree,2026-05-24 16:47:42
phi3-3b-gsm-test,gsm8k_microsoft_Phi-3.5-mini-instruct_20251212-193257.pt,3,1,agree,2026-05-24 16:47:42
phi3-3b-gsm-test,gsm8k_microsoft_Phi-3.5-mini-instruct_20251212-193319.pt,4,1,agree,2026-05-24 16:47:42
phi3-3b-gsm-test,gsm8k_microsoft_Phi-3.5-mini-instruct_20251212-193319.pt,3,1,agree,2026-05-24 16:47:42
phi3-3b-gsm-test,gsm8k_microsoft_Phi-3.5-mini-instruct_20251212-193701.pt,1,1,agree,2026-05-24 16:47:42
phi3-3b-gsm-test,gsm8k_microsoft_Phi-3.5-mini-instruct_20251212-193837.pt,0,1,agree,2026-05-24 16:47:42
phi3-3b-gsm-test,gsm8k_microsoft_Phi-3.5-mini-instruct_20251212-194151.pt,4,1,agree,2026-05-24 16:47:42
phi3-3b-gsm-test,gsm8k_microsoft_Phi-3.5-mini-instruct_20251212-194319.pt,4,1,agree,2026-05-24 16:47:42
phi3-3b-gsm-test,gsm8k_microsoft_Phi-3.5-mini-instruct_20251212-194423.pt,2,1,agree,2026-05-24 16:47:42
phi3-3b-gsm-test,gsm8k_microsoft_Phi-3.5-mini-instruct_20251212-194456.pt,2,1,agree,2026-05-24 16:47:42
phi3-3b-gsm-test,gsm8k_microsoft_Phi-3.5-mini-instruct_20251212-194801.pt,4,1,agree,2026-05-24 16:47:42
phi3-3b-gsm-test,gsm8k_microsoft_Phi-3.5-mini-instruct_20251212-194835.pt,4,1,agree,2026-05-24 16:47:42
phi3-3b-gsm-test,gsm8k_microsoft_Phi-3.5-mini-instruct_20251212-195512.pt,0,1,agree,2026-05-24 16:47:42
phi3-3b-gsm-test,gsm8k_microsoft_Phi-3.5-mini-instruct_20251212-195625.pt,2,1,agree,2026-05-24 16:47:42
phi3-3b-gsmsymbolic-test,gsm8ksymbolic_microsoft_Phi-3.5-mini-instruct_20251220-035253.pt,22,1,agree,2026-05-24 16:47:42
phi3-3b-gsmsymbolic-test,gsm8ksymbolic_microsoft_Phi-3.5-mini-instruct_20251220-035253.pt,48,1,agree,2026-05-24 16:47:42
phi3-3b-gsmsymbolic-test,gsm8ksymbolic_microsoft_Phi-3.5-mini-instruct_20251220-035337.pt,28,1,agree,2026-05-24 16:47:42
phi3-3b-gsmsymbolic-test,gsm8ksymbolic_microsoft_Phi-3.5-mini-instruct_20251220-035337.pt,29,0,agree,2026-05-24 16:47:42
phi3-3b-gsmsymbolic-test,gsm8ksymbolic_microsoft_Phi-3.5-mini-instruct_20251220-035351.pt,1,0,agree,2026-05-24 16:47:42
phi3-3b-gsmsymbolic-test,gsm8ksymbolic_microsoft_Phi-3.5-mini-instruct_20251220-035404.pt,15,1,agree,2026-05-24 16:47:42
phi3-3b-gsmsymbolic-test,gsm8ksymbolic_microsoft_Phi-3.5-mini-instruct_20251220-035419.pt,18,0,agree,2026-05-24 16:47:42
phi3-3b-gsmsymbolic-test,gsm8ksymbolic_microsoft_Phi-3.5-mini-instruct_20251220-035450.pt,21,1,agree,2026-05-24 16:47:42
phi3-3b-gsmsymbolic-test,gsm8ksymbolic_microsoft_Phi-3.5-mini-instruct_20251220-035503.pt,44,1,agree,2026-05-24 16:47:42
phi3-3b-gsmsymbolic-test,gsm8ksymbolic_microsoft_Phi-3.5-mini-instruct_20251220-035541.pt,13,1,agree,2026-05-24 16:47:42
phi3-3b-gsmsymbolic-test,gsm8ksymbolic_microsoft_Phi-3.5-mini-instruct_20251220-035622.pt,14,1,agree,2026-05-24 16:47:42
phi3-3b-gsmsymbolic-test,gsm8ksymbolic_microsoft_Phi-3.5-mini-instruct_20251220-035637.pt,26,1,agree,2026-05-24 16:47:42
phi3-3b-gsmsymbolic-test,gsm8ksymbolic_microsoft_Phi-3.5-mini-instruct_20251220-035649.pt,4,0,agree,2026-05-24 16:47:42
phi3-3b-gsmsymbolic-test,gsm8ksymbolic_microsoft_Phi-3.5-mini-instruct_20251220-035725.pt,41,1,agree,2026-05-24 16:47:42
phi3-3b-gsmsymbolic-test,gsm8ksymbolic_microsoft_Phi-3.5-mini-instruct_20251220-040030.pt,41,1,agree,2026-05-24 16:47:42
phi3-3b-gsmsymbolic-test,gsm8ksymbolic_microsoft_Phi-3.5-mini-instruct_20251220-040048.pt,1,1,agree,2026-05-24 16:47:42
phi3-3b-gsmsymbolic-test,gsm8ksymbolic_microsoft_Phi-3.5-mini-instruct_20251220-040102.pt,56,1,agree,2026-05-24 16:47:42
phi3-3b-gsmsymbolic-test,gsm8ksymbolic_microsoft_Phi-3.5-mini-instruct_20251220-040133.pt,56,0,agree,2026-05-24 16:47:42
phi3-3b-gsmsymbolic-test,gsm8ksymbolic_microsoft_Phi-3.5-mini-instruct_20251220-040147.pt,3,1,agree,2026-05-24 16:47:42
phi3-3b-gsmsymbolic-test,gsm8ksymbolic_microsoft_Phi-3.5-mini-instruct_20251220-040202.pt,39,1,agree,2026-05-24 16:47:42
phi3-3b-gsmsymbolic-test,gsm8ksymbolic_microsoft_Phi-3.5-mini-instruct_20251220-040215.pt,61,1,agree,2026-05-24 16:47:42
phi3-3b-gsmsymbolic-test,gsm8ksymbolic_microsoft_Phi-3.5-mini-instruct_20251220-040247.pt,10,0,agree,2026-05-24 16:47:42
phi3-3b-gsmsymbolic-test,gsm8ksymbolic_microsoft_Phi-3.5-mini-instruct_20251220-040359.pt,54,0,agree,2026-05-24 16:47:42
phi3-3b-gsmsymbolic-test,gsm8ksymbolic_microsoft_Phi-3.5-mini-instruct_20251220-040359.pt,25,1,agree,2026-05-24 16:47:42
phi3-3b-gsmsymbolic-test,gsm8ksymbolic_microsoft_Phi-3.5-mini-instruct_20251220-040414.pt,14,1,agree,2026-05-24 16:47:42
phi3-3b-gsmsymbolic-test,gsm8ksymbolic_microsoft_Phi-3.5-mini-instruct_20251220-040414.pt,41,1,agree,2026-05-24 16:47:42
phi3-3b-gsmsymbolic-test,gsm8ksymbolic_microsoft_Phi-3.5-mini-instruct_20251220-040449.pt,39,1,agree,2026-05-24 16:47:42
phi3-3b-gsmsymbolic-test,gsm8ksymbolic_microsoft_Phi-3.5-mini-instruct_20251220-040533.pt,7,1,agree,2026-05-24 16:47:42
phi3-3b-gsmsymbolic-test,gsm8ksymbolic_microsoft_Phi-3.5-mini-instruct_20251220-040613.pt,0,1,agree,2026-05-24 16:47:42
phi3-3b-gsmsymbolic-test,gsm8ksymbolic_microsoft_Phi-3.5-mini-instruct_20251220-040751.pt,29,1,agree,2026-05-24 16:47:42
phi3-3b-gsmsymbolic-test,gsm8ksymbolic_microsoft_Phi-3.5-mini-instruct_20251220-040751.pt,60,1,agree,2026-05-24 16:47:42
phi3-3b-gsmsymbolic-test,gsm8ksymbolic_microsoft_Phi-3.5-mini-instruct_20251220-040824.pt,28,1,agree,2026-05-24 16:47:42
phi3-3b-gsmsymbolic-test,gsm8ksymbolic_microsoft_Phi-3.5-mini-instruct_20251220-040923.pt,30,1,agree,2026-05-24 16:47:42
phi3-3b-gsmsymbolic-test,gsm8ksymbolic_microsoft_Phi-3.5-mini-instruct_20251220-040923.pt,24,0,agree,2026-05-24 16:47:42
phi3-3b-gsmsymbolic-test,gsm8ksymbolic_microsoft_Phi-3.5-mini-instruct_20251220-040923.pt,38,0,agree,2026-05-24 16:47:42
phi3-3b-gsmsymbolic-test,gsm8ksymbolic_microsoft_Phi-3.5-mini-instruct_20251220-040956.pt,59,1,agree,2026-05-24 16:47:42
phi3-3b-gsmsymbolic-test,gsm8ksymbolic_microsoft_Phi-3.5-mini-instruct_20251220-040956.pt,33,0,agree,2026-05-24 16:47:42
phi3-3b-gsmsymbolic-test,gsm8ksymbolic_microsoft_Phi-3.5-mini-instruct_20251220-040956.pt,23,1,agree,2026-05-24 16:47:42
phi3-3b-gsmsymbolic-test,gsm8ksymbolic_microsoft_Phi-3.5-mini-instruct_20251220-040956.pt,52,1,agree,2026-05-24 16:47:42
phi3-3b-gsmsymbolic-test,gsm8ksymbolic_microsoft_Phi-3.5-mini-instruct_20251220-041050.pt,40,0,agree,2026-05-24 16:47:42
phi3-3b-gsmsymbolic-test,gsm8ksymbolic_microsoft_Phi-3.5-mini-instruct_20251220-041050.pt,59,1,agree,2026-05-24 16:47:42
phi3-3b-gsmsymbolic-test,gsm8ksymbolic_microsoft_Phi-3.5-mini-instruct_20251220-041102.pt,6,1,agree,2026-05-24 16:47:42
phi3-3b-gsmsymbolic-test,gsm8ksymbolic_microsoft_Phi-3.5-mini-instruct_20251220-041102.pt,49,1,agree,2026-05-24 16:47:42
phi3-3b-gsmsymbolic-test,gsm8ksymbolic_microsoft_Phi-3.5-mini-instruct_20251220-041114.pt,18,1,agree,2026-05-24 16:47:42
phi3-3b-gsmsymbolic-test,gsm8ksymbolic_microsoft_Phi-3.5-mini-instruct_20251220-041114.pt,36,1,agree,2026-05-24 16:47:42
phi3-3b-gsmsymbolic-test,gsm8ksymbolic_microsoft_Phi-3.5-mini-instruct_20251220-041128.pt,30,1,agree,2026-05-24 16:47:42
phi3-3b-gsmsymbolic-test,gsm8ksymbolic_microsoft_Phi-3.5-mini-instruct_20251220-041200.pt,55,1,agree,2026-05-24 16:47:42
phi3-3b-gsmsymbolic-test,gsm8ksymbolic_microsoft_Phi-3.5-mini-instruct_20251220-041200.pt,56,0,agree,2026-05-24 16:47:42
phi3-3b-gsmsymbolic-test,gsm8ksymbolic_microsoft_Phi-3.5-mini-instruct_20251220-041213.pt,2,1,agree,2026-05-24 16:47:42
phi3-3b-gsmsymbolic-test,gsm8ksymbolic_microsoft_Phi-3.5-mini-instruct_20251220-041213.pt,29,1,agree,2026-05-24 16:47:42
phi3-3b-gsmsymbolic-test,gsm8ksymbolic_microsoft_Phi-3.5-mini-instruct_20251220-041213.pt,53,1,agree,2026-05-24 16:47:42
phi3-3b-gsmsymbolic-test,gsm8ksymbolic_microsoft_Phi-3.5-mini-instruct_20251220-041213.pt,59,1,agree,2026-05-24 16:47:42
phi3-3b-gsmsymbolic-test,gsm8ksymbolic_microsoft_Phi-3.5-mini-instruct_20251220-041321.pt,6,1,agree,2026-05-24 16:47:42
phi3-3b-mathhendrycks-test,math_microsoft_Phi-3.5-mini-instruct_20251213-003206.pt,1,1,agree,2026-05-24 16:47:42
phi3-3b-mathhendrycks-test,math_microsoft_Phi-3.5-mini-instruct_20251213-003220.pt,1,0,agree,2026-05-24 16:47:42
phi3-3b-mathhendrycks-test,math_microsoft_Phi-3.5-mini-instruct_20251213-005239.pt,0,0,agree,2026-05-24 16:47:42
phi3-3b-mathhendrycks-test,math_microsoft_Phi-3.5-mini-instruct_20251213-005250.pt,4,0,agree,2026-05-24 16:47:42
phi3-3b-matscibench-test,matscibench_microsoft_Phi-3.5-mini-instruct_20251223-095224.pt,11,0,agree,2026-05-24 16:47:42
phi3-3b-matscibench-test,matscibench_microsoft_Phi-3.5-mini-instruct_20251223-095224.pt,26,0,agree,2026-05-24 16:47:42
phi3-3b-matscibench-test,matscibench_microsoft_Phi-3.5-mini-instruct_20251223-095536.pt,29,0,agree,2026-05-24 16:47:42
phi3-3b-matscibench-test,matscibench_microsoft_Phi-3.5-mini-instruct_20251223-095606.pt,7,0,agree,2026-05-24 16:47:42
phi3-3b-matscibench-test,matscibench_microsoft_Phi-3.5-mini-instruct_20251223-095606.pt,20,1,agree,2026-05-24 16:47:42
phi3-3b-matscibench-test,matscibench_microsoft_Phi-3.5-mini-instruct_20251223-095653.pt,13,0,agree,2026-05-24 16:47:42
phi3-3b-matscibench-test,matscibench_microsoft_Phi-3.5-mini-instruct_20251223-095837.pt,16,0,agree,2026-05-24 16:47:42
phi3-3b-matscibench-test,matscibench_microsoft_Phi-3.5-mini-instruct_20251223-100514.pt,4,0,agree,2026-05-24 16:47:42
phi3-3b-matscibench-test,matscibench_microsoft_Phi-3.5-mini-instruct_20251223-100514.pt,2,0,agree,2026-05-24 16:47:42
phi3-3b-matscibench-test,matscibench_microsoft_Phi-3.5-mini-instruct_20251223-100624.pt,19,0,agree,2026-05-24 16:47:42
phi3-3b-matscibench-test,matscibench_microsoft_Phi-3.5-mini-instruct_20251223-100624.pt,0,0,agree,2026-05-24 16:47:42
phi3-3b-matscibench-test,matscibench_microsoft_Phi-3.5-mini-instruct_20251223-100855.pt,13,0,agree,2026-05-24 16:47:42
phi3-3b-matscibench-test,matscibench_microsoft_Phi-3.5-mini-instruct_20251223-100936.pt,31,0,agree,2026-05-24 16:47:42
phi3-3b-olympiadbench-test,olympiadbenchmath_microsoft_Phi-3.5-mini-instruct_20251223-134246.pt,17,0,agree,2026-05-24 16:47:42
phi3-3b-olympiadbench-test,olympiadbenchmath_microsoft_Phi-3.5-mini-instruct_20251223-134406.pt,1,1,agree,2026-05-24 16:47:42
phi3-3b-olympiadbench-test,olympiadbenchmath_microsoft_Phi-3.5-mini-instruct_20251223-134406.pt,31,0,agree,2026-05-24 16:47:42
phi3-3b-olympiadbench-test,olympiadbenchmath_microsoft_Phi-3.5-mini-instruct_20251223-134519.pt,2,0,agree,2026-05-24 16:47:42
phi3-3b-olympiadbench-test,olympiadbenchmath_microsoft_Phi-3.5-mini-instruct_20251223-134815.pt,2,0,agree,2026-05-24 16:47:42
phi3-3b-olympiadbench-test,olympiadbenchmath_microsoft_Phi-3.5-mini-instruct_20251223-134908.pt,12,0,agree,2026-05-24 16:47:42
phi3-3b-olympiadbench-test,olympiadbenchmath_microsoft_Phi-3.5-mini-instruct_20251223-134908.pt,7,0,agree,2026-05-24 16:47:42
phi3-3b-olympiadbench-test,olympiadbenchmath_microsoft_Phi-3.5-mini-instruct_20251223-134908.pt,17,0,agree,2026-05-24 16:47:42
phi3-3b-olympiadbench-test,olympiadbenchmath_microsoft_Phi-3.5-mini-instruct_20251223-135322.pt,6,0,agree,2026-05-24 16:47:42
phi3-3b-olympiadbench-test,olympiadbenchmath_microsoft_Phi-3.5-mini-instruct_20251223-135345.pt,13,0,agree,2026-05-24 16:47:42
phi3-3b-olympiadbench-test,olympiadbenchmath_microsoft_Phi-3.5-mini-instruct_20251223-135527.pt,8,0,agree,2026-05-24 16:47:42
phi3-3b-olympiadbench-test,olympiadbenchmath_microsoft_Phi-3.5-mini-instruct_20251223-135803.pt,29,0,agree,2026-05-24 16:47:42
phi3-3b-olympiadbench-test,olympiadbenchmath_microsoft_Phi-3.5-mini-instruct_20251223-135952.pt,29,0,agree,2026-05-24 16:47:42
phi3-3b-olympiadbench-test,olympiadbenchmath_microsoft_Phi-3.5-mini-instruct_20251223-140056.pt,22,0,agree,2026-05-24 16:47:42
phi3-3b-scibench-test,scibench_microsoft_Phi-3.5-mini-instruct_20251213-164122.pt,0,0,agree,2026-05-24 16:47:42
phi3-3b-scibench-test,scibench_microsoft_Phi-3.5-mini-instruct_20251213-165054.pt,0,0,agree,2026-05-24 16:47:42
phi3-3b-scibench-test,scibench_microsoft_Phi-3.5-mini-instruct_20251213-171735.pt,3,1,agree,2026-05-24 16:47:42
phi3-3b-scibench-test,scibench_microsoft_Phi-3.5-mini-instruct_20251213-175355.pt,1,0,agree,2026-05-24 16:47:42
phi3-3b-scibench-test,scibench_microsoft_Phi-3.5-mini-instruct_20251213-175958.pt,0,1,agree,2026-05-24 16:47:42
phi3-3b-svamp-test,svamp_microsoft_Phi-3.5-mini-instruct_20251218-113253.pt,2,1,agree,2026-05-24 16:47:42
phi3-3b-theoremqa-test,theoremqa_microsoft_Phi-3.5-mini-instruct_20251223-092349.pt,22,0,agree,2026-05-24 16:47:42
phi3-3b-theoremqa-test,theoremqa_microsoft_Phi-3.5-mini-instruct_20251223-092408.pt,1,0,agree,2026-05-24 16:47:42
phi3-3b-theoremqa-test,theoremqa_microsoft_Phi-3.5-mini-instruct_20251223-092442.pt,5,1,agree,2026-05-24 16:47:42
phi3-3b-theoremqa-test,theoremqa_microsoft_Phi-3.5-mini-instruct_20251223-092816.pt,15,1,agree,2026-05-24 16:47:42
qwen3-4b-gpqa-test,gpqa_Qwen_Qwen3-4B-Instruct-2507_20251219-211819.pt,0,0,agree,2026-05-24 16:47:42
qwen3-4b-gpqa-test,gpqa_Qwen_Qwen3-4B-Instruct-2507_20251219-212110.pt,21,1,agree,2026-05-24 16:47:42
qwen3-4b-gpqa-test,gpqa_Qwen_Qwen3-4B-Instruct-2507_20251219-212208.pt,37,0,agree,2026-05-24 16:47:42
qwen3-4b-gpqa-test,gpqa_Qwen_Qwen3-4B-Instruct-2507_20251219-212208.pt,46,0,agree,2026-05-24 16:47:42
qwen3-4b-gsm-test,gsm8k_Qwen_Qwen3-4B-Instruct-2507_20251219-174858.pt,12,1,agree,2026-05-24 16:47:42
qwen3-4b-gsm-test,gsm8k_Qwen_Qwen3-4B-Instruct-2507_20251219-175000.pt,43,1,agree,2026-05-24 16:47:42
qwen3-4b-gsm-test,gsm8k_Qwen_Qwen3-4B-Instruct-2507_20251219-175104.pt,45,1,agree,2026-05-24 16:47:42
qwen3-4b-gsm-test,gsm8k_Qwen_Qwen3-4B-Instruct-2507_20251219-175207.pt,27,1,agree,2026-05-24 16:47:42
qwen3-4b-gsm-test,gsm8k_Qwen_Qwen3-4B-Instruct-2507_20251219-175238.pt,30,1,agree,2026-05-24 16:47:42
qwen3-4b-gsm-test,gsm8k_Qwen_Qwen3-4B-Instruct-2507_20251219-175305.pt,24,1,agree,2026-05-24 16:47:42
qwen3-4b-gsm-test,gsm8k_Qwen_Qwen3-4B-Instruct-2507_20251219-175349.pt,57,1,agree,2026-05-24 16:47:42
qwen3-4b-gsm-test,gsm8k_Qwen_Qwen3-4B-Instruct-2507_20251219-175410.pt,3,1,agree,2026-05-24 16:47:42
qwen3-4b-gsm-test,gsm8k_Qwen_Qwen3-4B-Instruct-2507_20251219-175429.pt,23,1,agree,2026-05-24 16:47:42
qwen3-4b-gsm-test,gsm8k_Qwen_Qwen3-4B-Instruct-2507_20251219-175514.pt,19,1,agree,2026-05-24 16:47:42
qwen3-4b-gsm-test,gsm8k_Qwen_Qwen3-4B-Instruct-2507_20251219-175547.pt,9,1,agree,2026-05-24 16:47:42
qwen3-4b-gsm-test,gsm8k_Qwen_Qwen3-4B-Instruct-2507_20251219-175619.pt,58,1,agree,2026-05-24 16:47:42
qwen3-4b-gsm-test,gsm8k_Qwen_Qwen3-4B-Instruct-2507_20251219-175723.pt,34,0,agree,2026-05-24 16:47:42
qwen3-4b-gsm-test,gsm8k_Qwen_Qwen3-4B-Instruct-2507_20251219-175809.pt,26,1,agree,2026-05-24 16:47:42
qwen3-4b-gsmsymbolic-test,gsm8ksymbolic_Qwen_Qwen3-4B-Instruct-2507_20251220-220953.pt,10,1,agree,2026-05-24 16:47:42
qwen3-4b-gsmsymbolic-test,gsm8ksymbolic_Qwen_Qwen3-4B-Instruct-2507_20251220-221300.pt,4,1,agree,2026-05-24 16:47:42
qwen3-4b-gsmsymbolic-test,gsm8ksymbolic_Qwen_Qwen3-4B-Instruct-2507_20251220-222014.pt,3,1,agree,2026-05-24 16:47:42
qwen3-4b-gsmsymbolic-test,gsm8ksymbolic_Qwen_Qwen3-4B-Instruct-2507_20251220-222056.pt,31,1,agree,2026-05-24 16:47:42
qwen3-4b-gsmsymbolic-test,gsm8ksymbolic_Qwen_Qwen3-4B-Instruct-2507_20251220-222056.pt,0,1,agree,2026-05-24 16:47:42
qwen3-4b-gsmsymbolic-test,gsm8ksymbolic_Qwen_Qwen3-4B-Instruct-2507_20251220-222218.pt,20,1,agree,2026-05-24 16:47:42
qwen3-4b-gsmsymbolic-test,gsm8ksymbolic_Qwen_Qwen3-4B-Instruct-2507_20251220-222449.pt,19,1,agree,2026-05-24 16:47:42
qwen3-4b-gsmsymbolic-test,gsm8ksymbolic_Qwen_Qwen3-4B-Instruct-2507_20251220-222634.pt,8,1,agree,2026-05-24 16:47:42
qwen3-4b-gsmsymbolic-test,gsm8ksymbolic_Qwen_Qwen3-4B-Instruct-2507_20251220-222706.pt,5,1,agree,2026-05-24 16:47:42
qwen3-4b-gsmsymbolic-test,gsm8ksymbolic_Qwen_Qwen3-4B-Instruct-2507_20251220-222904.pt,18,0,agree,2026-05-24 16:47:42
qwen3-4b-gsmsymbolic-test,gsm8ksymbolic_Qwen_Qwen3-4B-Instruct-2507_20251220-222904.pt,13,0,agree,2026-05-24 16:47:42
qwen3-4b-gsmsymbolic-test,gsm8ksymbolic_Qwen_Qwen3-4B-Instruct-2507_20251220-223036.pt,20,1,agree,2026-05-24 16:47:42
qwen3-4b-gsmsymbolic-test,gsm8ksymbolic_Qwen_Qwen3-4B-Instruct-2507_20251220-223036.pt,27,1,agree,2026-05-24 16:47:42
qwen3-4b-gsmsymbolic-test,gsm8ksymbolic_Qwen_Qwen3-4B-Instruct-2507_20251220-223105.pt,0,1,agree,2026-05-24 16:47:42
qwen3-4b-gsmsymbolic-test,gsm8ksymbolic_Qwen_Qwen3-4B-Instruct-2507_20251220-223323.pt,30,1,agree,2026-05-24 16:47:42
qwen3-4b-gsmsymbolic-test,gsm8ksymbolic_Qwen_Qwen3-4B-Instruct-2507_20251220-223337.pt,9,1,agree,2026-05-24 16:47:42
qwen3-4b-gsmsymbolic-test,gsm8ksymbolic_Qwen_Qwen3-4B-Instruct-2507_20251220-223440.pt,3,1,agree,2026-05-24 16:47:42
qwen3-4b-gsmsymbolic-test,gsm8ksymbolic_Qwen_Qwen3-4B-Instruct-2507_20251220-223610.pt,6,0,agree,2026-05-24 16:47:42
qwen3-4b-gsmsymbolic-test,gsm8ksymbolic_Qwen_Qwen3-4B-Instruct-2507_20251220-223922.pt,18,1,agree,2026-05-24 16:47:42
qwen3-4b-gsmsymbolic-test,gsm8ksymbolic_Qwen_Qwen3-4B-Instruct-2507_20251220-223953.pt,29,1,agree,2026-05-24 16:47:42
qwen3-4b-gsmsymbolic-test,gsm8ksymbolic_Qwen_Qwen3-4B-Instruct-2507_20251220-224026.pt,5,0,agree,2026-05-24 16:47:42
qwen3-4b-gsmsymbolic-test,gsm8ksymbolic_Qwen_Qwen3-4B-Instruct-2507_20251220-224156.pt,27,1,agree,2026-05-24 16:47:42
gemma3-12b-gpqa-test,gpqa_google_gemma-3-12b-it_20251221-084933.pt,12,0,agree,2026-05-24 16:56:09
gemma3-12b-gpqa-test,gpqa_google_gemma-3-12b-it_20251221-085727.pt,7,1,agree,2026-05-24 16:56:09
gemma3-12b-gpqa-test,gpqa_google_gemma-3-12b-it_20251221-090754.pt,23,0,agree,2026-05-24 16:56:09
gemma3-12b-gsm-test,gsm8k_google_gemma-3-12b-it_20251220-172337.pt,50,1,agree,2026-05-24 16:56:09
gemma3-12b-gsm-test,gsm8k_google_gemma-3-12b-it_20251220-172513.pt,47,1,agree,2026-05-24 16:56:09
gemma3-12b-gsm-test,gsm8k_google_gemma-3-12b-it_20251220-173006.pt,29,1,agree,2026-05-24 16:56:09
gemma3-12b-gsm-test,gsm8k_google_gemma-3-12b-it_20251220-173421.pt,21,1,agree,2026-05-24 16:56:09
gemma3-12b-gsm-test,gsm8k_google_gemma-3-12b-it_20251220-173514.pt,14,1,agree,2026-05-24 16:56:09
gemma3-12b-gsmsymbolic-test,gsm8ksymbolic_google_gemma-3-12b-it_20251221-061211.pt,22,1,agree,2026-05-24 16:56:09
gemma3-12b-gsmsymbolic-test,gsm8ksymbolic_google_gemma-3-12b-it_20251221-061335.pt,27,1,agree,2026-05-24 16:56:09
gemma3-12b-gsmsymbolic-test,gsm8ksymbolic_google_gemma-3-12b-it_20251221-061514.pt,11,0,agree,2026-05-24 16:56:09
gemma3-12b-gsmsymbolic-test,gsm8ksymbolic_google_gemma-3-12b-it_20251221-061514.pt,16,1,agree,2026-05-24 16:56:09
gemma3-12b-gsmsymbolic-test,gsm8ksymbolic_google_gemma-3-12b-it_20251221-061643.pt,12,1,agree,2026-05-24 16:56:09
gemma3-12b-gsmsymbolic-test,gsm8ksymbolic_google_gemma-3-12b-it_20251221-062025.pt,13,1,agree,2026-05-24 16:56:09
gemma3-12b-gsmsymbolic-test,gsm8ksymbolic_google_gemma-3-12b-it_20251221-062407.pt,24,1,agree,2026-05-24 16:56:09
gemma3-12b-gsmsymbolic-test,gsm8ksymbolic_google_gemma-3-12b-it_20251221-063918.pt,23,1,agree,2026-05-24 16:56:09
gemma3-12b-gsmsymbolic-test,gsm8ksymbolic_google_gemma-3-12b-it_20251221-064456.pt,7,0,agree,2026-05-24 16:56:09
gemma3-12b-gsmsymbolic-test,gsm8ksymbolic_google_gemma-3-12b-it_20251221-065837.pt,26,1,agree,2026-05-24 16:56:09
gemma3-12b-gsmsymbolic-test,gsm8ksymbolic_google_gemma-3-12b-it_20251221-065936.pt,7,1,agree,2026-05-24 16:56:09
gemma3-12b-gsmsymbolic-test,gsm8ksymbolic_google_gemma-3-12b-it_20251221-065936.pt,13,0,agree,2026-05-24 16:56:09
gemma3-12b-gsmsymbolic-test,gsm8ksymbolic_google_gemma-3-12b-it_20251221-070142.pt,27,1,agree,2026-05-24 16:56:09
gemma3-12b-gsmsymbolic-test,gsm8ksymbolic_google_gemma-3-12b-it_20251221-070429.pt,0,1,agree,2026-05-24 16:56:09
gemma3-12b-gsmsymbolic-test,gsm8ksymbolic_google_gemma-3-12b-it_20251221-071500.pt,27,0,agree,2026-05-24 16:56:09
gemma3-12b-gsmsymbolic-test,gsm8ksymbolic_google_gemma-3-12b-it_20251221-071926.pt,14,0,disagree,2026-05-24 16:56:09
gemma3-12b-gsmsymbolic-test,gsm8ksymbolic_google_gemma-3-12b-it_20251221-072112.pt,9,1,agree,2026-05-24 16:56:09
gemma3-12b-gpqa-test,gpqa_google_gemma-3-12b-it_20251221-084933.pt,13,0,agree,2026-05-24 16:57:11
gemma3-12b-gpqa-test,gpqa_google_gemma-3-12b-it_20251221-085727.pt,9,1,agree,2026-05-24 16:57:11
gemma3-12b-gpqa-test,gpqa_google_gemma-3-12b-it_20251221-090754.pt,26,0,agree,2026-05-24 16:57:11
gemma3-12b-gsm-test,gsm8k_google_gemma-3-12b-it_20251220-172337.pt,54,1,agree,2026-05-24 16:57:11
gemma3-12b-gsm-test,gsm8k_google_gemma-3-12b-it_20251220-172513.pt,52,1,agree,2026-05-24 16:57:11
gemma3-12b-gsm-test,gsm8k_google_gemma-3-12b-it_20251220-172846.pt,40,0,disagree,2026-05-24 16:57:11
gemma3-12b-gsm-test,gsm8k_google_gemma-3-12b-it_20251220-172846.pt,12,1,agree,2026-05-24 16:57:11
gemma3-12b-gsm-test,gsm8k_google_gemma-3-12b-it_20251220-173006.pt,35,1,agree,2026-05-24 16:57:11
gemma3-12b-gsm-test,gsm8k_google_gemma-3-12b-it_20251220-173105.pt,60,1,agree,2026-05-24 16:57:11
gemma3-12b-gsm-test,gsm8k_google_gemma-3-12b-it_20251220-173603.pt,48,1,agree,2026-05-24 16:57:11
gemma3-12b-gsmsymbolic-test,gsm8ksymbolic_google_gemma-3-12b-it_20251221-061428.pt,5,1,agree,2026-05-24 16:57:11
gemma3-12b-gsmsymbolic-test,gsm8ksymbolic_google_gemma-3-12b-it_20251221-061514.pt,23,1,agree,2026-05-24 16:57:11
gemma3-12b-gsmsymbolic-test,gsm8ksymbolic_google_gemma-3-12b-it_20251221-061739.pt,22,1,agree,2026-05-24 16:57:11
gemma3-12b-gsmsymbolic-test,gsm8ksymbolic_google_gemma-3-12b-it_20251221-062519.pt,7,1,agree,2026-05-24 16:57:11
gemma3-12b-gsmsymbolic-test,gsm8ksymbolic_google_gemma-3-12b-it_20251221-063831.pt,12,1,agree,2026-05-24 16:57:11
gemma3-12b-gsmsymbolic-test,gsm8ksymbolic_google_gemma-3-12b-it_20251221-064114.pt,31,1,agree,2026-05-24 16:57:11
gemma3-12b-gsmsymbolic-test,gsm8ksymbolic_google_gemma-3-12b-it_20251221-065646.pt,7,1,agree,2026-05-24 16:57:11
gemma3-12b-gsmsymbolic-test,gsm8ksymbolic_google_gemma-3-12b-it_20251221-065936.pt,15,1,agree,2026-05-24 16:57:11
gemma3-12b-gsmsymbolic-test,gsm8ksymbolic_google_gemma-3-12b-it_20251221-070429.pt,1,1,agree,2026-05-24 16:57:11
gemma3-12b-gsmsymbolic-test,gsm8ksymbolic_google_gemma-3-12b-it_20251221-071623.pt,12,1,agree,2026-05-24 16:57:11
gemma3-12b-gsmsymbolic-test,gsm8ksymbolic_google_gemma-3-12b-it_20251221-071926.pt,1,1,agree,2026-05-24 16:57:11
gemma3-12b-gsmsymbolic-test,gsm8ksymbolic_google_gemma-3-12b-it_20251221-072112.pt,19,1,agree,2026-05-24 16:57:11
gemma3-12b-gsmsymbolic-test,gsm8ksymbolic_google_gemma-3-12b-it_20251221-072248.pt,22,1,agree,2026-05-24 16:57:11
gemma3-12b-gsmsymbolic-test,gsm8ksymbolic_google_gemma-3-12b-it_20251221-072753.pt,10,1,agree,2026-05-24 16:57:11
gemma3-12b-gsmsymbolic-test,gsm8ksymbolic_google_gemma-3-12b-it_20251221-072948.pt,14,1,agree,2026-05-24 16:57:11
gemma3-12b-gpqa-test,gpqa_google_gemma-3-12b-it_20251221-084933.pt,14,0,agree,2026-05-24 16:58:13
gemma3-12b-gpqa-test,gpqa_google_gemma-3-12b-it_20251221-085727.pt,11,0,agree,2026-05-24 16:58:13
gemma3-12b-gpqa-test,gpqa_google_gemma-3-12b-it_20251221-090500.pt,24,0,agree,2026-05-24 16:58:13
gemma3-12b-gpqa-test,gpqa_google_gemma-3-12b-it_20251221-090754.pt,29,0,agree,2026-05-24 16:58:13
gemma3-12b-gpqa-test,gpqa_google_gemma-3-12b-it_20251221-090920.pt,4,0,agree,2026-05-24 16:58:13
gemma3-12b-gsm-test,gsm8k_google_gemma-3-12b-it_20251220-172120.pt,31,1,agree,2026-05-24 16:58:13
gemma3-12b-gsm-test,gsm8k_google_gemma-3-12b-it_20251220-172513.pt,57,1,agree,2026-05-24 16:58:13
gemma3-12b-gsm-test,gsm8k_google_gemma-3-12b-it_20251220-172846.pt,47,1,agree,2026-05-24 16:58:13
gemma3-12b-gsm-test,gsm8k_google_gemma-3-12b-it_20251220-173514.pt,31,1,agree,2026-05-24 16:58:13
gemma3-12b-gsm-test,gsm8k_google_gemma-3-12b-it_20251220-173603.pt,15,1,agree,2026-05-24 16:58:13
gemma3-12b-gsmsymbolic-test,gsm8ksymbolic_google_gemma-3-12b-it_20251221-061335.pt,17,1,agree,2026-05-24 16:58:13
gemma3-12b-gsmsymbolic-test,gsm8ksymbolic_google_gemma-3-12b-it_20251221-061600.pt,3,1,agree,2026-05-24 16:58:13
gemma3-12b-gsmsymbolic-test,gsm8ksymbolic_google_gemma-3-12b-it_20251221-061643.pt,25,1,agree,2026-05-24 16:58:13
gemma3-12b-gsmsymbolic-test,gsm8ksymbolic_google_gemma-3-12b-it_20251221-062519.pt,21,0,agree,2026-05-24 16:58:13
gemma3-12b-gsmsymbolic-test,gsm8ksymbolic_google_gemma-3-12b-it_20251221-062519.pt,8,1,agree,2026-05-24 16:58:13
gemma3-12b-gsmsymbolic-test,gsm8ksymbolic_google_gemma-3-12b-it_20251221-062610.pt,11,1,agree,2026-05-24 16:58:13
gemma3-12b-gsmsymbolic-test,gsm8ksymbolic_google_gemma-3-12b-it_20251221-063751.pt,27,1,agree,2026-05-24 16:58:13
gemma3-12b-gsmsymbolic-test,gsm8ksymbolic_google_gemma-3-12b-it_20251221-063831.pt,27,1,agree,2026-05-24 16:58:13
gemma3-12b-gsmsymbolic-test,gsm8ksymbolic_google_gemma-3-12b-it_20251221-063918.pt,24,1,agree,2026-05-24 16:58:13
gemma3-12b-gsmsymbolic-test,gsm8ksymbolic_google_gemma-3-12b-it_20251221-064010.pt,22,1,agree,2026-05-24 16:58:13
gemma3-12b-gsmsymbolic-test,gsm8ksymbolic_google_gemma-3-12b-it_20251221-064010.pt,18,1,agree,2026-05-24 16:58:13
gemma3-12b-gsmsymbolic-test,gsm8ksymbolic_google_gemma-3-12b-it_20251221-064456.pt,28,1,agree,2026-05-24 16:58:13
gemma3-12b-gsmsymbolic-test,gsm8ksymbolic_google_gemma-3-12b-it_20251221-064548.pt,8,1,agree,2026-05-24 16:58:13
gemma3-12b-gsmsymbolic-test,gsm8ksymbolic_google_gemma-3-12b-it_20251221-065217.pt,26,1,agree,2026-05-24 16:58:13
gemma3-12b-gsmsymbolic-test,gsm8ksymbolic_google_gemma-3-12b-it_20251221-065513.pt,18,1,agree,2026-05-24 16:58:13
gemma3-12b-gpqa-test,gpqa_google_gemma-3-12b-it_20251221-084933.pt,15,0,agree,2026-05-24 16:59:27
gemma3-12b-gpqa-test,gpqa_google_gemma-3-12b-it_20251221-085727.pt,13,0,agree,2026-05-24 16:59:27
gemma3-12b-gpqa-test,gpqa_google_gemma-3-12b-it_20251221-090500.pt,27,0,agree,2026-05-24 16:59:27
gemma3-12b-gpqa-test,gpqa_google_gemma-3-12b-it_20251221-090920.pt,9,0,agree,2026-05-24 16:59:27
gemma3-12b-gpqa-test,gpqa_google_gemma-3-12b-it_20251221-090920.pt,1,1,agree,2026-05-24 16:59:27
gemma3-12b-gsm-test,gsm8k_google_gemma-3-12b-it_20251220-172120.pt,37,1,agree,2026-05-24 16:59:27
gemma3-12b-gsm-test,gsm8k_google_gemma-3-12b-it_20251220-172204.pt,33,1,agree,2026-05-24 16:59:27
gemma3-12b-gsm-test,gsm8k_google_gemma-3-12b-it_20251220-172714.pt,7,1,agree,2026-05-24 16:59:27
gemma3-12b-gsm-test,gsm8k_google_gemma-3-12b-it_20251220-172846.pt,55,1,agree,2026-05-24 16:59:27
gemma3-12b-gsm-test,gsm8k_google_gemma-3-12b-it_20251220-172846.pt,25,1,agree,2026-05-24 16:59:27
gemma3-12b-gsmsymbolic-test,gsm8ksymbolic_google_gemma-3-12b-it_20251221-061335.pt,29,1,agree,2026-05-24 16:59:27
gemma3-12b-gsmsymbolic-test,gsm8ksymbolic_google_gemma-3-12b-it_20251221-061600.pt,20,1,agree,2026-05-24 16:59:27
gemma3-12b-gsmsymbolic-test,gsm8ksymbolic_google_gemma-3-12b-it_20251221-062519.pt,19,1,agree,2026-05-24 16:59:27
gemma3-12b-gsmsymbolic-test,gsm8ksymbolic_google_gemma-3-12b-it_20251221-062751.pt,10,1,agree,2026-05-24 16:59:27
gemma3-12b-gsmsymbolic-test,gsm8ksymbolic_google_gemma-3-12b-it_20251221-063006.pt,13,1,agree,2026-05-24 16:59:27
gemma3-12b-gsmsymbolic-test,gsm8ksymbolic_google_gemma-3-12b-it_20251221-064114.pt,11,1,agree,2026-05-24 16:59:27
gemma3-12b-gsmsymbolic-test,gsm8ksymbolic_google_gemma-3-12b-it_20251221-064548.pt,31,1,agree,2026-05-24 16:59:27
gemma3-12b-gsmsymbolic-test,gsm8ksymbolic_google_gemma-3-12b-it_20251221-064945.pt,23,1,agree,2026-05-24 16:59:27
gemma3-12b-gsmsymbolic-test,gsm8ksymbolic_google_gemma-3-12b-it_20251221-065217.pt,22,1,agree,2026-05-24 16:59:27
gemma3-12b-gsmsymbolic-test,gsm8ksymbolic_google_gemma-3-12b-it_20251221-065316.pt,18,1,agree,2026-05-24 16:59:27
gemma3-12b-gsmsymbolic-test,gsm8ksymbolic_google_gemma-3-12b-it_20251221-065646.pt,1,0,agree,2026-05-24 16:59:27
gemma3-12b-gsmsymbolic-test,gsm8ksymbolic_google_gemma-3-12b-it_20251221-065837.pt,11,1,agree,2026-05-24 16:59:27
gemma3-12b-gsmsymbolic-test,gsm8ksymbolic_google_gemma-3-12b-it_20251221-070142.pt,10,1,agree,2026-05-24 16:59:27
gemma3-12b-gsmsymbolic-test,gsm8ksymbolic_google_gemma-3-12b-it_20251221-070627.pt,2,1,agree,2026-05-24 16:59:27
gemma3-12b-gsmsymbolic-test,gsm8ksymbolic_google_gemma-3-12b-it_20251221-072248.pt,17,1,agree,2026-05-24 16:59:27
gemma3-12b-gpqa-test,gpqa_google_gemma-3-12b-it_20251221-084933.pt,16,0,agree,2026-05-24 17:00:31
gemma3-12b-gpqa-test,gpqa_google_gemma-3-12b-it_20251221-085727.pt,15,0,agree,2026-05-24 17:00:31
gemma3-12b-gpqa-test,gpqa_google_gemma-3-12b-it_20251221-090500.pt,30,1,agree,2026-05-24 17:00:31
gemma3-12b-gpqa-test,gpqa_google_gemma-3-12b-it_20251221-090920.pt,6,0,agree,2026-05-24 17:00:31
gemma3-12b-gpqa-test,gpqa_google_gemma-3-12b-it_20251221-090920.pt,14,0,agree,2026-05-24 17:00:31
gemma3-12b-gsm-test,gsm8k_google_gemma-3-12b-it_20251220-172120.pt,43,1,agree,2026-05-24 17:00:31
gemma3-12b-gsm-test,gsm8k_google_gemma-3-12b-it_20251220-172204.pt,40,1,agree,2026-05-24 17:00:31
gemma3-12b-gsm-test,gsm8k_google_gemma-3-12b-it_20251220-172424.pt,7,1,agree,2026-05-24 17:00:31
gemma3-12b-gsm-test,gsm8k_google_gemma-3-12b-it_20251220-172640.pt,7,1,agree,2026-05-24 17:00:31
gemma3-12b-gsm-test,gsm8k_google_gemma-3-12b-it_20251220-172846.pt,34,1,agree,2026-05-24 17:00:31
gemma3-12b-gsm-test,gsm8k_google_gemma-3-12b-it_20251220-172926.pt,1,1,agree,2026-05-24 17:00:31
gemma3-12b-gsm-test,gsm8k_google_gemma-3-12b-it_20251220-173006.pt,61,1,agree,2026-05-24 17:00:31
gemma3-12b-gsm-test,gsm8k_google_gemma-3-12b-it_20251220-173233.pt,24,1,agree,2026-05-24 17:00:31
gemma3-12b-gsm-test,gsm8k_google_gemma-3-12b-it_20251220-173514.pt,51,1,agree,2026-05-24 17:00:31
gemma3-12b-gsmsymbolic-test,gsm8ksymbolic_google_gemma-3-12b-it_20251221-061428.pt,0,1,agree,2026-05-24 17:00:31
gemma3-12b-gsmsymbolic-test,gsm8ksymbolic_google_gemma-3-12b-it_20251221-061643.pt,1,1,agree,2026-05-24 17:00:31
gemma3-12b-gsmsymbolic-test,gsm8ksymbolic_google_gemma-3-12b-it_20251221-061739.pt,31,1,agree,2026-05-24 17:00:31
gemma3-12b-gsmsymbolic-test,gsm8ksymbolic_google_gemma-3-12b-it_20251221-062610.pt,18,1,agree,2026-05-24 17:00:31
gemma3-12b-gsmsymbolic-test,gsm8ksymbolic_google_gemma-3-12b-it_20251221-063831.pt,29,1,agree,2026-05-24 17:00:31
gemma3-12b-gsmsymbolic-test,gsm8ksymbolic_google_gemma-3-12b-it_20251221-064114.pt,23,1,agree,2026-05-24 17:00:31
gemma3-12b-gsmsymbolic-test,gsm8ksymbolic_google_gemma-3-12b-it_20251221-064632.pt,4,1,agree,2026-05-24 17:00:31
gemma3-12b-gsmsymbolic-test,gsm8ksymbolic_google_gemma-3-12b-it_20251221-065112.pt,31,1,agree,2026-05-24 17:00:31
gemma3-12b-gsmsymbolic-test,gsm8ksymbolic_google_gemma-3-12b-it_20251221-065558.pt,31,1,agree,2026-05-24 17:00:31
gemma3-12b-gsmsymbolic-test,gsm8ksymbolic_google_gemma-3-12b-it_20251221-070142.pt,17,0,agree,2026-05-24 17:00:31
gemma3-12b-gsmsymbolic-test,gsm8ksymbolic_google_gemma-3-12b-it_20251221-070243.pt,5,0,agree,2026-05-24 17:00:31
gemma3-12b-gpqa-test,gpqa_google_gemma-3-12b-it_20251221-084933.pt,17,0,agree,2026-05-24 17:01:32
gemma3-12b-gpqa-test,gpqa_google_gemma-3-12b-it_20251221-085727.pt,17,0,agree,2026-05-24 17:01:32
gemma3-12b-gpqa-test,gpqa_google_gemma-3-12b-it_20251221-090619.pt,1,0,agree,2026-05-24 17:01:32
gemma3-12b-gpqa-test,gpqa_google_gemma-3-12b-it_20251221-090920.pt,11,0,agree,2026-05-24 17:01:32
gemma3-12b-gpqa-test,gpqa_google_gemma-3-12b-it_20251221-090920.pt,19,0,disagree,2026-05-24 17:01:32
gemma3-12b-gsm-test,gsm8k_google_gemma-3-12b-it_20251220-172120.pt,49,1,agree,2026-05-24 17:01:32
gemma3-12b-gsm-test,gsm8k_google_gemma-3-12b-it_20251220-172204.pt,47,1,agree,2026-05-24 17:01:32
gemma3-12b-gsm-test,gsm8k_google_gemma-3-12b-it_20251220-172424.pt,15,1,agree,2026-05-24 17:01:32
gemma3-12b-gsm-test,gsm8k_google_gemma-3-12b-it_20251220-172926.pt,12,1,agree,2026-05-24 17:01:32
gemma3-12b-gsm-test,gsm8k_google_gemma-3-12b-it_20251220-173603.pt,1,1,agree,2026-05-24 17:01:32
gemma3-12b-gsm-test,gsm8k_google_gemma-3-12b-it_20251220-173603.pt,50,1,agree,2026-05-24 17:01:32
gemma3-12b-gsmsymbolic-test,gsm8ksymbolic_google_gemma-3-12b-it_20251221-061428.pt,16,1,agree,2026-05-24 17:01:32
gemma3-12b-gsmsymbolic-test,gsm8ksymbolic_google_gemma-3-12b-it_20251221-061643.pt,18,1,agree,2026-05-24 17:01:32
gemma3-12b-gsmsymbolic-test,gsm8ksymbolic_google_gemma-3-12b-it_20251221-061643.pt,13,1,agree,2026-05-24 17:01:32
gemma3-12b-gsmsymbolic-test,gsm8ksymbolic_google_gemma-3-12b-it_20251221-062659.pt,26,1,agree,2026-05-24 17:01:32
gemma3-12b-gsmsymbolic-test,gsm8ksymbolic_google_gemma-3-12b-it_20251221-062858.pt,10,1,agree,2026-05-24 17:01:32
gemma3-12b-gsmsymbolic-test,gsm8ksymbolic_google_gemma-3-12b-it_20251221-063103.pt,14,0,agree,2026-05-24 17:01:32
gemma3-12b-gsmsymbolic-test,gsm8ksymbolic_google_gemma-3-12b-it_20251221-063302.pt,22,1,agree,2026-05-24 17:01:32
gemma3-12b-gsmsymbolic-test,gsm8ksymbolic_google_gemma-3-12b-it_20251221-063537.pt,18,1,agree,2026-05-24 17:01:32
gemma3-12b-gsmsymbolic-test,gsm8ksymbolic_google_gemma-3-12b-it_20251221-064114.pt,16,1,agree,2026-05-24 17:01:32
gemma3-12b-gsmsymbolic-test,gsm8ksymbolic_google_gemma-3-12b-it_20251221-064158.pt,16,1,agree,2026-05-24 17:01:32
gemma3-12b-gsmsymbolic-test,gsm8ksymbolic_google_gemma-3-12b-it_20251221-065217.pt,21,1,agree,2026-05-24 17:01:32
gemma3-12b-gsmsymbolic-test,gsm8ksymbolic_google_gemma-3-12b-it_20251221-065749.pt,15,0,agree,2026-05-24 17:01:32
gemma3-12b-gsmsymbolic-test,gsm8ksymbolic_google_gemma-3-12b-it_20251221-070243.pt,12,1,agree,2026-05-24 17:01:32
gemma3-12b-gsmsymbolic-test,gsm8ksymbolic_google_gemma-3-12b-it_20251221-070718.pt,21,1,agree,2026-05-24 17:01:32
gemma3-12b-gpqa-test,gpqa_google_gemma-3-12b-it_20251221-084933.pt,18,0,agree,2026-05-24 17:02:32
gemma3-12b-gpqa-test,gpqa_google_gemma-3-12b-it_20251221-085727.pt,19,1,agree,2026-05-24 17:02:32
gemma3-12b-gpqa-test,gpqa_google_gemma-3-12b-it_20251221-090619.pt,4,0,agree,2026-05-24 17:02:32
gemma3-12b-gpqa-test,gpqa_google_gemma-3-12b-it_20251221-090920.pt,16,0,agree,2026-05-24 17:02:32
gemma3-12b-gpqa-test,gpqa_google_gemma-3-12b-it_20251221-090920.pt,24,0,agree,2026-05-24 17:02:32
gemma3-12b-gsm-test,gsm8k_google_gemma-3-12b-it_20251220-172120.pt,55,1,agree,2026-05-24 17:02:32
gemma3-12b-gsm-test,gsm8k_google_gemma-3-12b-it_20251220-172204.pt,54,1,agree,2026-05-24 17:02:32
gemma3-12b-gsm-test,gsm8k_google_gemma-3-12b-it_20251220-172424.pt,23,1,agree,2026-05-24 17:02:32
gemma3-12b-gsm-test,gsm8k_google_gemma-3-12b-it_20251220-172640.pt,24,1,agree,2026-05-24 17:02:32
gemma3-12b-gsm-test,gsm8k_google_gemma-3-12b-it_20251220-172714.pt,32,1,agree,2026-05-24 17:02:32
gemma3-12b-gsm-test,gsm8k_google_gemma-3-12b-it_20251220-173603.pt,11,1,agree,2026-05-24 17:02:32
gemma3-12b-gsm-test,gsm8k_google_gemma-3-12b-it_20251220-173603.pt,61,1,agree,2026-05-24 17:02:32
gemma3-12b-gsm-test,gsm8k_google_gemma-3-12b-it_20251220-173710.pt,39,0,agree,2026-05-24 17:02:32
gemma3-12b-gsmsymbolic-test,gsm8ksymbolic_google_gemma-3-12b-it_20251221-061428.pt,28,1,agree,2026-05-24 17:02:32
gemma3-12b-gsmsymbolic-test,gsm8ksymbolic_google_gemma-3-12b-it_20251221-061514.pt,5,1,agree,2026-05-24 17:02:32
gemma3-12b-gsmsymbolic-test,gsm8ksymbolic_google_gemma-3-12b-it_20251221-061600.pt,6,1,agree,2026-05-24 17:02:32
gemma3-12b-gsmsymbolic-test,gsm8ksymbolic_google_gemma-3-12b-it_20251221-061832.pt,18,1,agree,2026-05-24 17:02:32
gemma3-12b-gsmsymbolic-test,gsm8ksymbolic_google_gemma-3-12b-it_20251221-062233.pt,0,1,agree,2026-05-24 17:02:32
gemma3-12b-gsmsymbolic-test,gsm8ksymbolic_google_gemma-3-12b-it_20251221-062659.pt,18,1,agree,2026-05-24 17:02:32
gemma3-12b-gsmsymbolic-test,gsm8ksymbolic_google_gemma-3-12b-it_20251221-062659.pt,5,1,agree,2026-05-24 17:02:32
gemma3-12b-gsmsymbolic-test,gsm8ksymbolic_google_gemma-3-12b-it_20251221-062659.pt,2,1,agree,2026-05-24 17:02:32
gemma3-12b-gsmsymbolic-test,gsm8ksymbolic_google_gemma-3-12b-it_20251221-063218.pt,19,1,agree,2026-05-24 17:02:32
gemma3-12b-gsmsymbolic-test,gsm8ksymbolic_google_gemma-3-12b-it_20251221-063302.pt,21,1,agree,2026-05-24 17:02:32
